,locus_tag,primary_name
0,b2353,tfaS
1,b4584,rpnD
2,b3328,gspG
3,b1001,yccE
4,b2467,nudK
5,b3549,tag
6,b3641,slmA
7,b4665,ibsC
8,b0354,yaiL
9,b0881,clpS
10,b1525,sad
11,b1288,fabI
12,b3320,rplC
13,b0279,yagM
14,b2132,bglX
15,b3574,yiaJ
16,b1792,yeaO
17,b3850,hemG
18,b2149,mglA
19,b0801,hcxB
20,b0104,guaC
21,b1643,ydhI
22,b4516,insA-4
23,b2499,purM
24,b2725,hycA
25,b3752,rbsK
26,b2249,yfaY
27,b4511,ybdZ
28,b3321,rpsJ
29,b0768,ybhD
30,b2497,uraA
31,b0144,gluQ
32,b2300,yfcE
33,b0533,sfmH
34,b1844,exoX
35,b0010,satP
36,b4042,dgkA
37,b4322,uxuA
38,b0745,lysW
39,b3597,yibH
40,b3831,udp
41,b2423,cysW
42,b0028,fkpB
43,b4256,yjgM
44,b2647,ypjA
45,b0715,abrB
46,b1131,purB
47,b1927,amyA
48,b3961,oxyR
49,b1184,umuC
50,b1743,spy
51,b3883,yihV
52,b2676,nrdF
53,b1464,yddE
54,b1773,ydjI
55,b1717,rpmI
56,b0299,insF-1
57,b2427,murR
58,b2722,hycD
59,b2473,ypfH
60,b0805,fiu
61,b2892,recJ
62,b0140,yadV
63,b2170,setB
64,b2873,hyuA
65,b2476,purC
66,b3493,pitA
67,b0921,cmoM
68,b3714,adeP
69,b0779,uvrB
70,b3691,dgoT
71,b2684,mprA
72,b3612,gpmM
73,b1032,serX
74,b3061,ttdA
75,b4213,cpdB
76,b0589,fepG
77,b4066,yjcF
78,b3038,ygiC
79,b2069,yegD
80,b2312,purF
81,b3361,fic
82,b1380,ldhA
83,b1331,insH-4
84,b3690,cbrA
85,b2986,yghT
86,b2292,yfbS
87,b2406,xapB
88,b1749,xthA
89,b1860,ruvB
90,b0273,argF
91,b0331,prpB
92,b4062,soxS
93,b4003,zraS
94,b2235,nrdB
95,b3466,yhhL
96,b3555,yiaG
97,b4009,rrlE
98,b2770,ygcR
99,b3044,insC-5
100,b2557,purL
101,b0649,djlC
102,b1392,paaE
103,b3074,ygjH
104,b3415,gntT
105,b0859,rlmC
106,b4141,yjeH
107,b4346,mcrB
108,b3336,bfr
109,b4602,ynhF
110,b0746,valZ
111,b2541,hcaB
112,b0164,yaeI
113,b2719,hycG
114,b1156,tfaE
115,b0465,mscK
116,b3484,yhhI
117,b1253,yciA
118,b0477,gsk
119,b3401,hslO
120,b4245,pyrB
121,b4264,idnR
122,b2670,alaE
123,b3330,gspI
124,b3263,yhdU
125,b4044,dinF
126,b3884,yihW
127,b2624,alpA
128,b2945,endA
129,b0651,rihA
130,b1424,opgD
131,b0350,mhpD
132,b1339,abgR
133,b2304,yfcH
134,b4161,rsgA
135,b4709,insA9
136,b0675,umpH
137,b2955,yggW
138,b2731,fhlA
139,b4367,fhuF
140,b3239,yhcO
141,b0015,dnaJ
142,b2745,truD
143,b4296,yjhF
144,b2841,araE
145,b1729,tcyP
146,b2820,recB
147,b0153,fhuB
148,b3077,ebgC
149,b0203,alaV
150,b4533,ynfO
151,b4383,deoB
152,b0372,insF-2
153,b3424,glpG
154,b1207,prs
155,b2727,hypB
156,b4678,yoeI
157,b1056,yceI
158,b3448,yhhA
159,b1778,msrB
160,b0758,galT
161,b2013,yeeE
162,b3155,yhbQ
163,b4253,yjgL
164,b1350,recE
165,b0548,ninE
166,b2213,ada
167,b3417,malP
168,b2611,ypjD
169,b4006,purH
170,b2009,sbmC
171,b3956,ppc
172,b4203,rplI
173,b1062,pyrC
174,b1402,insD-2
175,b4387,ytjB
176,b2852,ygeH
177,b1020,phoH
178,b0939,elfD
179,b4121,yjdF
180,b3110,cyuP
181,b3599,mtlA
182,b0270,yagG
183,b0406,tgt
184,b0479,fsr
185,b0397,sbcC
186,b3905,rhaS
187,b0840,deoR
188,b4725,rseD
189,b1611,fumC
190,b0670,glnU
191,b1142,ymfH
192,b3444,insA-6
193,b0787,ybhM
194,b2171,yeiP
195,b2166,psuK
196,b4207,fklB
197,b3253,yhdH
198,b0220,ivy
199,b4031,xylE
200,b0847,ybjL
201,b3036,ygiA
202,b4401,arcA
203,b2509,xseA
204,b1374,pinR
205,b2699,recA
206,b2853,ygeI
207,b3764,maoP
208,b2780,pyrG
209,b3637,rpmB
210,b2914,rpiA
211,b2723,hycC
212,b0224,yafK
213,b3642,pyrE
214,b3144,yraJ
215,b1229,tpr
216,b1580,rspB
217,b4330,yjiH
218,b3903,rhaA
219,b3350,kefB
220,b3179,rlmE
221,b1092,fabD
222,b4350,hsdR
223,b0792,ybhR
224,b4464,ghxQ
225,b0688,pgm
226,b3277,ileU
227,b0520,ylbF
228,b1565,ydfV
229,b0171,pyrH
230,b0356,frmA
231,b0987,gfcA
232,b0021,insB-1
233,b4246,pyrL
234,b3552,yiaD
235,b2186,yejK
236,b1460,ydcC
237,b2094,gatA
238,b2389,yfeO
239,b0304,rclA
240,b0704,ybfC
241,b1564,relB
242,b0422,xseB
243,b2316,accD
244,b2349,intS
245,b0231,dinB
246,b2977,glcG
247,b3779,gpp
248,b3528,dctA
249,b0833,pdeI
250,b2720,hycF
251,b4702,mgtL
252,b0541,insF-3
253,b3298,rpsM
254,b2291,yfbR
255,b2840,ygeA
256,b4106,phnC
257,b2584,patZ
258,b3712,yieE
259,b0352,mhpE
260,b4599,mgtS
261,b3497,rsmJ
262,b0954,fabA
263,b2159,nfo
264,b1533,eamA
265,b2816,metV
266,b1395,paaH
267,b2445,yffN
268,b1034,ycdX
269,b2568,lepB
270,b3650,spoT
271,b4079,fdhF
272,b1433,ydcO
273,b1893,insB-5
274,b4244,pyrI
275,b1050,yceK
276,b1128,roxA
277,b2788,gudX
278,b3333,gspL
279,b3463,ftsE
280,b0185,accA
281,b4186,yjfC
282,b1728,ydjM
283,b3998,nfi
284,b0464,acrR
285,b4297,yjhG
286,b3242,aaeX
287,b2634,yfjR
288,b4004,zraR
289,b4055,aphA
290,b3180,yhbY
291,b1439,ydcR
292,b1448,mnaT
293,b3557,insJ
294,b0369,hemB
295,b3381,yhfX
296,b3228,sspB
297,b2126,btsS
298,b4460,araH
299,b1135,rluE
300,b4077,gltP
301,b1442,ydcU
302,b2775,yqcE
303,b1091,fabH
304,b3273,thrV
305,b2715,ascF
306,b2711,norW
307,b4307,yjhQ
308,b2819,recD
309,b0903,pflB
310,b3367,nirC
311,b1669,ydhT
312,b0322,yahH
313,b0475,hemH
314,b0982,etp
315,b1950,fliR
316,b4520,ymgF
317,b2925,fbaA
318,b2160,yeiI
319,b1304,pspA
320,b0437,clpP
321,b3431,glgX
322,b4249,bdcA
323,b1095,fabF
324,b2525,fdx
325,b0620,dpiA
326,b3851,rrsA
327,b1809,yoaB
328,b4122,fumB
329,b3025,qseB
330,b0582,insL-2
331,b3997,hemE
332,b1214,ychA
333,b3066,dnaG
334,b1621,malX
335,b2734,pphB
336,b2794,queF
337,b2372,yfdV
338,b2781,mazG
339,b0180,fabZ
340,b2477,bamC
341,b0793,ybhS
342,b2821,ptrA
343,b0749,lysQ
344,b3916,pfkA
345,b2710,norV
346,b1571,ydfA
347,b2724,hycB
348,b2176,pdeN
349,b1627,rsxA
350,b1996,insD-3
351,b1210,hemA
352,b4669,ilvX
353,b3259,prmA
354,b0089,ftsW
355,b2563,acpS
356,b1069,murJ
357,b3550,yiaC
358,b2704,srlB
359,b4300,sgcR
360,b2701,mltB
361,b1352,kilR
362,b3125,garR
363,b2823,ppdC
364,b2456,eutN
365,b3844,fre
366,b3062,ttdB
367,b3986,rplL
368,b2125,btsR
369,b4273,insD-6
370,b3804,hemD
371,b4185,yjfM
372,b3506,slp
373,b2236,yfaE
374,b0040,caiT
375,b3056,cca
376,b3457,livH
377,b3579,yiaO
378,b1538,dcp
379,b1661,cfa
380,b0245,ykfI
381,b1628,rsxB
382,b2895,fldB
383,b3947,ptsA
384,b2691,argQ
385,b2769,ygcQ
386,b3734,atpA
387,b4041,plsB
388,b4731,ykiC
389,b1783,yeaG
390,b3519,treF
391,b0057,yabQ
392,b1766,sppA
393,b3396,mrcA
394,b2966,yqgA
395,b3256,accC
396,b0551,ybcQ
397,b1530,marR
398,b0699,ybfA
399,b1418,cybB
400,b2091,gatD
401,b2953,yggU
402,b3732,atpD
403,b3936,rpmE
404,b0282,yagP
405,b3820,yigI
406,b0265,insA-2
407,b1581,rspA
408,b3867,hemN
409,b2976,glcB
410,b4379,yjjW
411,b2607,trmD
412,b1828,yebQ
413,b3475,acpT
414,b2923,argO
415,b0176,rseP
416,b1006,rutG
417,b0664,glnX
418,b0612,citT
419,b1145,ymfK
420,b4051,qorA
421,b0633,rlpA
422,b3733,atpG
423,b4748,ynfT
424,b1399,paaX
425,b1517,lsrF
426,b1858,znuC
427,b0737,tolQ
428,b4210,ytfF
429,b3933,ftsN
430,b1066,rimJ
431,b1356,racR
432,b2088,insE-5
433,b4017,arpA
434,b3158,yhbU
435,b4523,yciX
436,b1591,dmsD
437,b2581,yfiF
438,b3106,yhaK
439,b3469,zntA
440,b2975,glcA
441,b2609,rpsP
442,b1536,ydeI
443,b4284,insI-3
444,b2330,prmB
445,b2400,gltX
446,b1595,ynfL
447,b1537,ydeJ
448,b0503,selU
449,b1443,ydcV
450,b4020,yjbB
451,b4214,cysQ
452,b4358,lgoD
453,b4108,yjdM
454,b4174,hflK
455,b4369,leuP
456,b2218,rcsC
457,b4123,dcuB
458,b3028,mdaB
459,b1545,pinQ
460,b2327,yfcA
461,b2543,yphA
462,b3411,rpnA
463,b3805,hemC
464,b3731,atpC
465,b0024,yaaY
466,b0570,cusS
467,b3722,bglF
468,b0001,thrL
469,b1731,cedA
470,b0970,yccA
471,b4655,ythA
472,b3335,gspO
473,b1093,fabG
474,b1130,phoP
475,b1568,ydfX
476,b2802,fucI
477,b0684,fldA
478,b3380,yhfW
479,b2158,yeiH
480,b1217,chaB
481,b4135,yjdC
482,b1972,msrQ
483,b3736,atpF
484,b2326,epmC
485,b0342,lacA
486,b3971,rrfB
487,b3890,yiiF
488,b2964,nupG
489,b0154,hemL
490,b2322,yfcJ
491,b2517,rlmN
492,b4134,pheU
493,b0867,amiD
494,b1613,manA
495,b4397,creA
496,b2996,hybA
497,b4184,yjfL
498,b3739,atpI
499,b0298,insE-1
500,b0966,hspQ
501,b2753,iap
502,b2436,hemF
503,b1101,ptsG
504,b0095,ftsZ
505,b2352,yfdI
506,b3474,yhhT
507,b0565,ompT
508,b4730,yahV
509,b2323,fabB
510,b3421,rtcB
511,b3481,nikR
512,b2448,yffQ
513,b2707,srlR
514,b3738,atpB
515,b4097,phnK
516,b3538,bcsG
517,b3293,yhdN
518,b1027,insE-4
519,b2309,hisJ
520,b3278,rrsD
521,b1490,dosC
522,b4118,melR
523,b2556,glrK
524,b3368,cysG
525,b1435,rlhA
526,b4183,yjfK
527,b2553,glnB
528,b1770,ydjF
529,b3178,ftsH
530,b1629,rsxC
531,b0738,tolR
532,b1231,tyrT
533,b0756,galM
534,b3818,yigG
535,b3453,ugpB
536,b2394,insL-3
537,b0142,folK
538,b3018,plsC
539,b3737,atpE
540,b0876,ybjD
541,b0905,ycaO
542,b0315,pdeL
543,b4084,alsK
544,b2638,yfjU
545,b1645,ydhK
546,b0958,sulA
547,b4747,yneP
548,b1192,ldcA
549,b0839,dacC
550,b3647,ligB
551,b3422,rtcR
552,b0150,fhuA
553,b4473,smf
554,b4094,phnN
555,b3567,xylG
556,b0056,yabP
557,b3735,atpH
558,b1343,dbpA
559,b4295,yjhU
560,b2982,insH-9
561,b3058,folB
562,b3529,pdeK
563,b1445,ortT
564,b3206,npr
565,b3525,pdeH
566,b3128,garD
567,b0377,sbmA
568,b3146,rsmI
569,b0819,ldtB
570,b2546,yphD
571,b0932,pepN
572,b0384,psiF
573,b3886,yihY
574,b4324,uxuR
575,b1984,asnW
576,b1941,fliI
577,b1307,pspD
578,b4112,basS
579,b1196,ycgY
580,b1865,nudB
581,b4373,rimI
582,b4603,rseX
583,b1200,dhaK
584,b2817,amiC
585,b3323,gspA
586,b4406,yaeP
587,b1347,rcbA
588,b1113,ldtC
589,b3932,hslV
590,b1827,kdgR
591,b1618,uidR
592,b1576,ydfD
593,b0399,phoB
594,b3602,yibL
595,b4522,ymiA
596,b1612,fumA
597,b3301,rplO
598,b4710,insB9
599,b0440,hupB
600,b1096,pabC
601,b2962,yggX
602,b1868,yecE
603,b1944,fliL
604,b1212,prmC
605,b1194,ycgR
606,b3132,kbaZ
607,b2378,lpxP
608,b2592,clpB
609,b3740,rsmG
610,b0925,ldtD
611,b1255,yciC
612,b2348,argW
613,b3092,uxaC
614,b0267,yagA
615,b3524,yhjG
616,b3657,yicJ
617,b0361,insD-1
618,b1276,acnA
619,b1812,pabB
620,b1454,yncG
621,b3724,phoU
622,b1625,cnu
623,b1968,hprS
624,b0115,aceF
625,b1176,minC
626,b3819,rarD
627,b0327,yahM
628,b4293,fecI
629,b1678,ldtE
630,b1830,prc
631,b1759,nudG
632,b1737,chbC
633,b4101,phnG
634,b0248,yafX
635,b4622,ytcA
636,b0913,ycaI
637,b0720,gltA
638,b3703,rpmH
639,b2561,yfhH
640,b3218,insH-10
641,b2153,folE
642,b4506,ykgO
643,b2570,rseC
644,b3871,bipA
645,b1710,btuE
646,b1507,hipA
647,b3064,tsaD
648,b2175,mepS
649,b3103,yhaH
650,b2801,fucP
651,b2523,pepB
652,b4008,gltV
653,b0344,lacZ
654,b4098,phnJ
655,b0276,yagJ
656,b4675,yoaJ
657,b0727,sucB
658,b0569,nfrB
659,b3177,folP
660,b1427,rimL
661,b4616,istR
662,b2835,lplT
663,b1819,manZ
664,b0083,ftsL
665,b1673,ydhV
666,b0868,ybjS
667,b2010,dacD
668,b0020,nhaR
669,b0555,rrrD
670,b2494,bepA
671,b3749,rbsA
672,b0383,phoA
673,b4729,ykgV
674,b4707,esrE
675,b0730,mngR
676,b3314,rpsC
677,b2248,yfaX
678,b0016,insL-1
679,b4676,yoaK
680,b3360,pabA
681,b3826,yigL
682,b2072,pphC
683,b1120,cobB
684,b3104,yhaI
685,b3667,uhpC
686,b3606,trmL
687,b0174,ispU
688,b3911,cpxA
689,b4513,kdpF
690,b3364,tsgA
691,b3174,leuU
692,b3907,rhaT
693,b1148,ymfM
694,b0540,insE-3
695,b2200,ccmB
696,b1806,yeaY
697,b0726,sucA
698,b0103,coaE
699,b2501,ppk
700,b0618,citC
701,b1821,mntP
702,b0922,mukF
703,b4090,rpiB
704,b1180,ycgM
705,b1655,mepH
706,b1272,sohB
707,b2531,iscR
708,b1359,ydaU
709,b4087,alsA
710,b3728,pstS
711,b0310,ykgH
712,b3316,rpsS
713,b1299,puuR
714,b4746,yddY
715,b1404,insI-2
716,b0729,sucD
717,b3634,coaD
718,b1971,msrP
719,b0168,map
720,b3580,lyxK
721,b0969,tusE
722,b3615,waaH
723,b1990,ldtA
724,b3609,secB
725,b0240,crl
726,b0979,appB
727,b2963,mltC
728,b4102,phnF
729,b3094,exuR
730,b1549,ydfO
731,b2189,proL
732,b0600,ybdL
733,b1136,icd
734,b0131,panD
735,b3859,srkA
736,b2901,bglA
737,b1930,yedF
738,b3326,gspE
739,b2099,yegU
740,b3232,zapE
741,b0453,ybaY
742,b1446,ydcY
743,b0813,rhtA
744,b2405,xapR
745,b4175,hflC
746,b2357,yfdN
747,b0869,ybjT
748,b1388,paaA
749,b0728,sucC
750,b4010,rrfE
751,b1111,comR
752,b4613,dinQ
753,b3639,dfp
754,b4226,ppa
755,b2181,yejG
756,b0835,rimO
757,b4262,lptG
758,b2386,fryC
759,b2302,yfcG
760,b1870,cmoA
761,b3842,rfaH
762,b4148,gdx
763,b0098,secA
764,b0885,aat
765,b2623,yfjH
766,b3374,frlD
767,b4099,phnI
768,b2408,yfeN
769,b4321,gntP
770,b2674,nrdI
771,b0744,valT
772,b4586,ykfM
773,b3974,coaA
774,b3386,rpe
775,b1671,ydhX
776,b1104,ycfL
777,b0632,dacA
778,b1293,sapB
779,b4046,zur
780,b2643,yfjX
781,b0062,araA
782,b0324,yahJ
783,b4096,phnL
784,b0321,yahG
785,b1462,yddH
786,b2667,ygaV
787,b0201,rrsH
788,b3287,def
789,b4137,cutA
790,b0978,appC
791,b1734,chbF
792,b0964,yccT
793,b0133,panC
794,b4328,iadA
795,b3202,rpoN
796,b3659,setC
797,b3344,tusC
798,b3450,ugpC
799,b0759,galE
800,b1706,ydiU
801,b2003,yeeT
802,b0489,qmcA
803,b2767,ygcO
804,b0425,panE
805,b2897,sdhE
806,b1722,ydiY
807,b2692,argZ
808,b4143,groL
809,b1796,yoaG
810,b3226,nanR
811,b0439,lon
812,b4120,melB
813,b4092,phnP
814,b0560,nohD
815,b0865,ybjP
816,b1816,yoaE
817,b4032,malG
818,b2399,yfeD
819,b2784,relA
820,b3825,pldB
821,b0134,panB
822,b2332,yfcO
823,b2306,hisP
824,b0601,ybdM
825,b2216,rcsD
826,b2078,baeS
827,b1496,yddA
828,b3498,prlC
829,b0641,lptE
830,b4171,miaA
831,b0806,mcbA
832,b2864,glyU
833,b0252,yafZ
834,b1521,uxaB
835,b2502,ppx
836,b3748,rbsD
837,b2256,arnD
838,b3653,gltS
839,b2872,ygeY
840,b2462,eutS
841,b3407,yhgF
842,b1337,abgB
843,b4407,thiS
844,b2663,gabP
845,b3865,yihA
846,b3408,feoA
847,b1838,pphA
848,b1280,lapB
849,b2085,yegR
850,b0909,ycaL
851,b0313,betI
852,b3882,yihU
853,b1177,ycgJ
854,b3821,pldA
855,b2505,yfgH
856,b3304,rplR
857,b1588,ynfF
858,b3676,yidH
859,b0877,ybjX
860,b0290,ecpD
861,b4237,nrdG
862,b0423,thiI
863,b2911,ssrS
864,b0459,maa
865,b0636,rlmH
866,b1216,chaA
867,b0054,lptD
868,b0237,pepD
869,b2211,yojI
870,b4270,leuX
871,b3588,aldB
872,b0936,ssuA
873,b2792,yqcC
874,b0558,ybcV
875,b2671,ygaC
876,b3079,ygjJ
877,b2374,frc
878,b0815,opgE
879,b2103,thiD
880,b0852,rimK
881,b2388,glk
882,b2390,ypeC
883,b3163,nlpI
884,b4544,arnE
885,b2457,eutM
886,b3198,kdsC
887,b3235,degS
888,b1151,beeE
889,b3292,zntR
890,b0271,yagH
891,b4100,phnH
892,b1436,yncJ
893,b2516,rodZ
894,b1434,sutR
895,b0326,yahL
896,b1108,ycfP
897,b3530,bcsC
898,b0980,appA
899,b3993,thiE
900,b2301,yfcF
901,b3026,qseC
902,b4200,rpsF
903,b1391,paaD
904,b3915,fieF
905,b2140,dusC
906,b1326,mpaA
907,b2077,mdtD
908,b1279,lapA
909,b1365,ynaK
910,b2984,yghR
911,b3725,pstB
912,b3378,yhfU
913,b1172,ymgG
914,b2540,hcaC
915,b3990,thiH
916,b0521,ybcF
917,b4196,ulaD
918,b2106,rcnA
919,b2070,yegI
920,b1048,opgG
921,b2174,lpxT
922,b0971,serT
923,b3456,livM
924,b0094,ftsA
925,b2739,ygbM
926,b0882,clpA
927,b0506,allR
928,b0349,mhpC
929,b1552,cspI
930,b1670,ydhU
931,b0167,glnD
932,b0410,yajD
933,b3023,ygiV
934,b2576,srmB
935,b1587,ynfE
936,b1760,ynjH
937,b1463,nhoA
938,b0006,yaaA
939,b1703,ppsR
940,b0139,htrE
941,b0061,araD
942,b2393,nupC
943,b0420,dxs
944,b2324,mnmC
945,b0789,clsB
946,b0496,ybbP
947,b3847,pepQ
948,b3076,ebgA
949,b2002,yeeS
950,b3496,dtpB
951,b1010,rutC
952,b3156,yhbS
953,b1666,valW
954,b1590,ynfH
955,b1453,ansP
956,b3802,hemY
957,b2466,ypfG
958,b0614,citX
959,b2151,galS
960,b0635,mrdA
961,b1603,pntA
962,b1106,thiK
963,b1090,plsX
964,b4063,soxR
965,b4021,pepE
966,b2870,ygeW
967,b1788,yoaI
968,b3037,ygiB
969,b4037,malM
970,b2829,ptsP
971,b3592,yibF
972,b3854,rrlA
973,b2360,yfdQ
974,b3889,yiiE
975,b1750,ydjX
976,b4215,ytfI
977,b1203,ychF
978,b2340,sixA
979,b3477,nikB
980,b2148,mglC
981,b4166,queG
982,b0262,afuC
983,b0764,modB
984,b2430,yfeW
985,b3288,fmt
986,b1444,patD
987,b2627,abpB
988,b0760,modF
989,b3906,rhaR
990,b3059,plsY
991,b1338,abgA
992,b3399,yrfG
993,b0957,ompA
994,b4325,yjiC
995,b2230,yfaA
996,b2620,smpB
997,b3564,xylB
998,b3816,corA
999,b3017,ftsP
1000,b4517,gnsA
1001,b0066,thiQ
1002,b0438,clpX
1003,b3050,yqiJ
1004,b2898,ygfZ
1005,b2646,ypjF
1006,b1531,marA
1007,b2081,yegQ
1008,b2935,tktA
1009,b3073,patA
1010,b3322,gspB
1011,b3186,rplU
1012,b1589,ynfG
1013,b0189,rof
1014,b2807,ygdD
1015,b1820,yobD
1016,b3024,ygiW
1017,b1235,rssB
1018,b3167,rbfA
1019,b0836,bssR
1020,b1660,ydhC
1021,b1046,clsC
1022,b3902,rhaD
1023,b3063,ttdT
1024,b0818,ybiR
1025,b4036,lamB
1026,b3212,gltB
1027,b1989,asnV
1028,b4392,slt
1029,b2426,ucpA
1030,b4045,yjbJ
1031,b4216,ytfJ
1032,b0501,ybbD
1033,b1630,rsxD
1034,b4223,yzfA
1035,b0735,ybgE
1036,b0955,ycbZ
1037,b3369,yhfL
1038,b2037,rfbX
1039,b2054,wcaF
1040,b1574,dicF
1041,b1198,dhaM
1042,b0613,citG
1043,b3501,arsR
1044,b3994,thiC
1045,b2622,intA
1046,b2813,mltA
1047,b0873,hcp
1048,b1639,mliC
1049,b2377,yfdY
1050,b0732,mngB
1051,b1518,lsrG
1052,b0580,ybdJ
1053,b2266,elaB
1054,b1477,yddM
1055,b1205,ychH
1056,b1060,bssS
1057,b3502,arsB
1058,b2058,wcaB
1059,b2949,yqgF
1060,b0334,prpD
1061,b2741,rpoS
1062,b4337,mdtM
1063,b0211,mltD
1064,b4483,tatD
1065,b2944,yggI
1066,b4164,glyX
1067,b1394,paaG
1068,b3655,yicH
1069,b1009,rutD
1070,b2380,ypdA
1071,b3348,slyX
1072,b1289,ycjD
1073,b2269,elaD
1074,b1206,dauA
1075,b2787,gudD
1076,b0093,ftsQ
1077,b2061,wzb
1078,b0544,ybcK
1079,b1787,yeaK
1080,b3991,thiG
1081,b1845,ptrB
1082,b4267,idnD
1083,b2689,yqaA
1084,b1012,rutA
1085,b2916,argP
1086,b2317,dedA
1087,b3920,yiiQ
1088,b3315,rplV
1089,b3009,yghB
1090,b3082,higA
1091,b1810,yoaC
1092,b3031,yqiA
1093,b2506,yfgI
1094,b3168,infB
1095,b1499,ydeO
1096,b2413,cysZ
1097,b2539,hcaF
1098,b0598,cstA
1099,b2051,gmm
1100,b1292,sapC
1101,b2404,lysV
1102,b1900,araG
1103,b2119,yehL
1104,b0949,uup
1105,b1100,ycfH
1106,b1539,ydfG
1107,b3095,yqjA
1108,b1211,prfA
1109,b2595,bamD
1110,b2716,ascB
1111,b3921,yiiR
1112,b0086,murF
1113,b2046,wzxC
1114,b0417,thiL
1115,b2043,wcaM
1116,b3234,degQ
1117,b4280,yjhC
1118,b3405,ompR
1119,b1500,safA
1120,b2863,ygeQ
1121,b1850,eda
1122,b3536,bcsE
1123,b1988,nac
1124,b0042,fixB
1125,b2848,yqeJ
1126,b2909,ygfB
1127,b1659,ydhB
1128,b2793,syd
1129,b0318,yahD
1130,b3203,hpf
1131,b3230,rpsI
1132,b2015,yeeY
1133,b3428,glgP
1134,b1663,mdtK
1135,b2047,wcaJ
1136,b1455,yncH
1137,b1829,htpX
1138,b0883,serW
1139,b0161,degP
1140,b3418,malT
1141,b1008,rutE
1142,b1555,ydfR
1143,b1915,yecF
1144,b1705,ydiE
1145,b2924,mscS
1146,b0041,fixA
1147,b1234,rssA
1148,b3922,yiiS
1149,b4221,tamB
1150,b3590,selB
1151,b3188,sfsB
1152,b0946,zapC
1153,b1674,ydhY
1154,b0446,cof
1155,b4030,psiE
1156,b2057,wcaC
1157,b2558,mltF
1158,b3214,gltF
1159,b2703,srlE
1160,b3053,glnE
1161,b2005,cbtA
1162,b4514,ybfQ
1163,b3033,yqiB
1164,b3170,rimP
1165,b3518,ccp
1166,b0375,iprA
1167,b2959,yggL
1168,b4352,yjiA
1169,b1836,yebV
1170,b4081,mdtO
1171,b3124,garK
1172,b4356,lgoT
1173,b4375,prfC
1174,b1712,ihfA
1175,b2060,wzc
1176,b0832,gsiD
1177,b4069,acs
1178,b2815,metW
1179,b1011,rutB
1180,b2363,yfdT
1181,b4679,yohP
1182,b4592,appX
1183,b3147,lpoA
1184,b3611,yibN
1185,b1252,tonB
1186,b0172,frr
1187,b0645,ybeR
1188,b3909,kdgT
1189,b2155,cirA
1190,b2100,yegV
1191,b2045,wcaK
1192,b3464,ftsY
1193,b3284,smg
1194,b2104,thiM
1195,b4260,pepA
1196,b1642,slyA
1197,b0564,appY
1198,b0450,glnK
1199,b4268,idnK
1200,b3353,yheT
1201,b1423,ydcJ
1202,b1696,ydiP
1203,b3275,rrlD
1204,b2985,yghS
1205,b2912,fau
1206,b3980,tufB
1207,b2433,yfeZ
1208,b3988,rpoC
1209,b0657,lnt
1210,b2055,wcaE
1211,b1127,pepT
1212,b1047,opgC
1213,b3276,alaU
1214,b3693,dgoK
1215,b4683,yqeL
1216,b1748,astC
1217,b4336,yjiN
1218,b1159,mcrA
1219,b1843,yobB
1220,b2749,ygbE
1221,b0191,arfB
1222,b3040,zupT
1223,b0514,glxK
1224,b4463,ygcU
1225,b0068,thiB
1226,b3129,prlF
1227,b2059,wcaA
1228,b3888,yiiD
1229,b1193,emtA
1230,b0694,kdpE
1231,b0411,tsx
1232,b1398,paaK
1233,b3870,glnA
1234,b4400,creD
1235,b4251,bdcR
1236,b3027,ygiZ
1237,b2511,der
1238,b0456,ybaA
1239,b0884,infA
1240,b2843,kduI
1241,b4080,mdtP
1242,b0461,tomB
1243,b2875,yqeB
1244,b3194,mlaE
1245,b2079,baeR
1246,b2050,wcaI
1247,b0069,sgrR
1248,b1983,yeeN
1249,b3912,cpxR
1250,b0914,msbA
1251,b4310,nanM
1252,b0216,aspV
1253,b4528,rzoR
1254,b3213,gltD
1255,b4735,ybgU
1256,b0660,ybeZ
1257,b1251,yciI
1258,b4590,ybfK
1259,b1186,nhaB
1260,b2569,lepA
1261,b4664,ibsD
1262,b3721,bglB
1263,b0751,pnuC
1264,b3928,zapB
1265,b3992,thiF
1266,b3087,ygjR
1267,b2044,wcaL
1268,b2188,yejM
1269,b3264,envR
1270,b2908,pepP
1271,b0259,insH-1
1272,b2800,fucA
1273,b4263,yjgR
1274,b4093,phnO
1275,b0917,ycaR
1276,b3305,rplF
1277,b4000,hupA
1278,b4048,yjbM
1279,b3190,ibaG
1280,b0376,ampH
1281,b1204,pth
1282,b4667,ibsA
1283,b0511,ybbW
1284,b3383,yhfZ
1285,b2587,kgtP
1286,b4639,yeeH
1287,b0316,yahB
1288,b3429,glgA
1289,b1485,ddpC
1290,b0413,nrdR
1291,b3931,hslU
1292,b3852,ileT
1293,b0547,ybcN
1294,b0403,malZ
1295,b1007,rutF
1296,b1179,ycgL
1297,b4752,yecU
1298,b0449,mdlB
1299,b4674,ynbG
1300,b3591,selA
1301,b2896,ygfX
1302,b0850,ybjC
1303,b0871,poxB
1304,b3409,feoB
1305,b2748,ftsB
1306,b0421,ispA
1307,b4107,yjdN
1308,b0363,yaiP
1309,b3584,yiaT
1310,b3438,gntR
1311,b2385,ypdF
1312,b1141,xisE
1313,b4012,yjaB
1314,b2706,gutM
1315,b2752,cysD
1316,b1522,dgcF
1317,b0716,ybgO
1318,b0603,ybdO
1319,b2259,pmrD
1320,b3039,ygiD
1321,b2185,rplY
1322,b2744,umpG
1323,b4147,efp
1324,b4138,dcuA
1325,b4329,yjiG
1326,b1162,bluR
1327,b1054,lpxL
1328,b1733,chbG
1329,b3430,glgC
1330,b4187,aidB
1331,b0666,metU
1332,b1616,uidB
1333,b1631,rsxG
1334,b0223,yafJ
1335,b1919,dcyD
1336,b1355,ydaG
1337,b1762,ynjI
1338,b4734,yldA
1339,b1585,ynfC
1340,b3662,nepI
1341,b4666,ibsE
1342,b0145,dksA
1343,b3953,frwD
1344,b0890,ftsK
1345,b3811,xerC
1346,b1208,ispE
1347,b1419,ydcA
1348,b3432,glgB
1349,b1003,yccJ
1350,b1373,tfaR
1351,b1739,osmE
1352,b3898,frvX
1353,b2764,cysJ
1354,b0800,ybiB
1355,b1840,yebZ
1356,b3553,ghrB
1357,b1677,lpp
1358,b1799,dmlR
1359,b2225,yfaP
1360,b1430,tehB
1361,b3439,yhhW
1362,b3339,tufA
1363,b4668,ibsB
1364,b4088,alsB
1365,b4569,yhcE
1366,b1540,ydfH
1367,b0841,ybjG
1368,b3049,glgS
1369,b2105,rcnR
1370,b3531,bcsZ
1371,b1880,flhB
1372,b3976,thrU
1373,b4323,uxuB
1374,b1560,ydfU
1375,b1498,ydeN
1376,b0458,ylaC
1377,b2293,hxpA
1378,b3478,nikC
1379,b4751,yoaL
1380,b3148,yraN
1381,b4391,ettA
1382,b1511,lsrK
1383,b1199,dhaL
1384,b4220,tamA
1385,b2742,nlpD
1386,b0173,dxr
1387,b4589,ylcI
1388,b1594,mlc
1389,b0797,rhlE
1390,b0535,fimZ
1391,b2779,eno
1392,b3862,yihG
1393,b3678,yidJ
1394,b2082,ogrK
1395,b2544,yphB
1396,b4169,amiB
1397,b3130,yhaV
1398,b1929,yedE
1399,b1282,yciH
1400,b3563,yiaB
1401,b3262,yhdJ
1402,b4082,mdtN
1403,b3012,dkgA
1404,b0027,lspA
1405,b0959,sxy
1406,b2381,ypdB
1407,b1363,trkG
1408,b4025,pgi
1409,b0748,lysZ
1410,b2169,fruB
1411,b2750,cysC
1412,b2444,yffM
1413,b0991,ymcE
1414,b2846,yqeH
1415,b2796,sdaC
1416,b0217,yafT
1417,b2144,sanA
1418,b1718,infC
1419,b4559,ghoT
1420,b0114,aceE
1421,b1602,pntB
1422,b3183,obgE
1423,b1686,menI
1424,b4677,yobI
1425,b4440,ryfA
1426,b2633,yfjQ
1427,b3897,frvR
1428,b1676,pykF
1429,b1738,chbB
1430,b0933,ssuB
1431,b2172,yeiQ
1432,b2314,dedD
1433,b2435,amiA
1434,b4532,hicA
1435,b1273,yciN
1436,b4455,hokA
1437,b2891,prfB
1438,b4217,ytfK
1439,b1065,mdtH
1440,b2799,fucO
1441,b1237,hns
1442,b0357,frmR
1443,b2097,fbaB
1444,b2740,ygbN
1445,b2396,alaX
1446,b0343,lacY
1447,b4306,yjhP
1448,b1757,ynjE
1449,b4469,ygiQ
1450,b1295,ymjA
1451,b4359,opgB
1452,b0989,cspH
1453,b0919,ycbJ
1454,b0637,rsfS
1455,b4687,shoB
1456,b3827,bioP
1457,b3843,ubiD
1458,b4733,ylcJ
1459,b0528,ybcJ
1460,b1779,gapA
1461,b0435,bolA
1462,b4398,creB
1463,b1818,manY
1464,b1570,dicA
1465,b2416,ptsI
1466,b3573,ysaA
1467,b2763,cysI
1468,b0736,ybgC
1469,b4445,omrB
1470,b0088,murD
1471,b1672,ydhW
1472,b3215,yhcA
1473,b0233,yafO
1474,b4414,tff
1475,b0170,tsf
1476,b3963,fabR
1477,b3668,uhpB
1478,b4420,rdlA
1479,b1855,lpxM
1480,b1854,pykA
1481,b0339,cynT
1482,b3291,mscL
1483,b0668,glnW
1484,b0394,mak
1485,b2425,cysP
1486,b1158,pinE
1487,b1491,yddW
1488,b3221,yhcH
1489,b2313,cvpA
1490,b1287,yciW
1491,b2325,yfcL
1492,b3486,rbbA
1493,b3719,yieL
1494,b3042,ubiK
1495,b1174,minE
1496,b0340,cynS
1497,b1562,hokD
1498,b4116,adiY
1499,b4750,ynfS
1500,b0113,pdhR
1501,b4433,sdsR
1502,b4086,alsC
1503,b0937,ssuE
1504,b0599,hcxA
1505,b3121,yhaC
1506,b0433,ampG
1507,b1506,yneL
1508,b2830,rppH
1509,b3354,yheU
1510,b3663,yicN
1511,b1182,hlyE
1512,b4550,arfA
1513,b3575,yiaK
1514,b1486,ddpB
1515,b4395,ytjC
1516,b4429,sokB
1517,b3680,yidL
1518,b0480,ushA
1519,b3173,yhbX
1520,b3093,exuT
1521,b3917,sbp
1522,b1725,yniA
1523,b3069,ileX
1524,b1353,sieB
1525,b3472,dcrB
1526,b3196,yrbG
1527,b1472,yddL
1528,b3675,yidG
1529,b3340,fusA
1530,b3569,xylR
1531,b2515,ispG
1532,b2795,ppnN
1533,b0213,yafS
1534,b4701,sokX
1535,b0080,cra
1536,b2289,lrhA
1537,b4501,torI
1538,b1387,paaZ
1539,b4534,ynfP
1540,b2522,sseB
1541,b1209,lolB
1542,b0090,murG
1543,b4162,orn
1544,b4380,yjjI
1545,b2012,yeeD
1546,b4419,ldrA
1547,b0097,secM
1548,b2095,gatZ
1549,b1632,rsxE
1550,b3515,gadW
1551,b4413,sokC
1552,b2042,galF
1553,b3785,wzzE
1554,b2926,pgk
1555,b4474,frlC
1556,b2814,metZ
1557,b1680,sufS
1558,b4257,yjgN
1559,b0268,yagE
1560,b1877,yecT
1561,b2365,dsdX
1562,b1687,ydiJ
1563,b0005,yaaX
1564,b0659,ybeY
1565,b4478,dgoD
1566,b0627,tatE
1567,b2263,menH
1568,b0102,zapD
1569,b0380,yaiZ
1570,b3962,sthA
1571,b3919,tpiA
1572,b3556,cspA
1573,b4585,chiX
1574,b0550,rusA
1575,b4670,yjeV
1576,b1415,aldA
1577,b4444,omrA
1578,b2422,cysA
1579,b0702,ybfB
1580,b0381,ddlA
1581,b1122,ymfA
1582,b2124,yehS
1583,b4428,hokB
1584,b2972,pppA
1585,b0198,metI
1586,b1735,chbR
1587,b2163,yeiL
1588,b4424,rdlC
1589,b1918,tcyL
1590,b1638,pdxH
1591,b3761,trpT
1592,b2804,fucU
1593,b4354,btsT
1594,b0755,gpmA
1595,b2762,cysH
1596,b2226,yfaQ
1597,b1144,ymfJ
1598,b3689,yidR
1599,b0572,cusC
1600,b1869,yecN
1601,b1742,ves
1602,b2610,ffh
1603,b4033,malF
1604,b0014,dnaK
1605,b0070,setA
1606,b2906,ubiI
1607,b0767,pgl
1608,b2418,pdxK
1609,b0965,yccU
1610,b4418,sraB
1611,b4480,hdfR
1612,b1544,ydfK
1613,b4732,ykiD
1614,b4001,yjaH
1615,b4119,melA
1616,b1987,cbl
1617,b3730,glmU
1618,b1563,relE
1619,b3548,yhjY
1620,b2432,yfeY
1621,b2392,mntH
1622,b1714,pheS
1623,b3750,rbsC
1624,b3521,yhjC
1625,b1636,pdxY
1626,b4422,rdlB
1627,b2751,cysN
1628,b1617,uidA
1629,b2187,yejL
1630,b0226,dinJ
1631,b2504,yfgG
1632,b2694,argV
1633,b1567,ydfW
1634,b2145,yeiS
1635,b0930,asnS
1636,b0842,mdfA
1637,b4199,yjfY
1638,b0891,lolA
1639,b1185,dsbB
1640,b3838,tatB
1641,b1268,yciQ
1642,b0662,ubiF
1643,b1236,galU
1644,b0149,mrcB
1645,b0121,speE
1646,b2351,yfdH
1647,b3576,yiaL
1648,b0935,ssuD
1649,b1013,rutR
1650,b1862,yebB
1651,b1782,mipA
1652,b4749,ynfR
1653,b3881,yihT
1654,b0680,glnS
1655,b4412,hokC
1656,b4261,lptF
1657,b4128,ghoS
1658,b3601,mtlR
1659,b3375,frlR
1660,b4577,sgrS
1661,b1584,speG
1662,b3184,yhbE
1663,b3849,trkH
1664,b2811,csdE
1665,b2447,yffP
1666,b2956,yggM
1667,b2778,ygcG
1668,b3583,sgbE
1669,b2490,hyfJ
1670,b3757,gltU
1671,b1492,gadC
1672,b3384,trpS
1673,b3661,nlpA
1674,b3137,kbaY
1675,b3596,yibG
1676,b2470,acrD
1677,b3247,rng
1678,b2889,idi
1679,b2938,speA
1680,b4450,arcZ
1681,b1471,yddK
1682,b2637,yfjT
1683,b0566,envY
1684,b3801,aslA
1685,b4527,ydaF
1686,b0187,yaeR
1687,b4431,rprA
1688,b0269,yagF
1689,b4423,ldrC
1690,b3729,glmS
1691,b3362,yhfG
1692,b4515,cydX
1693,b3559,glyS
1694,b0952,pqiC
1695,b2771,ygcS
1696,b1390,paaC
1697,b0416,nusB
1698,b0120,speD
1699,b4155,epmA
1700,b0862,artQ
1701,b3798,leuT
1702,b1306,pspC
1703,b2537,hcaR
1704,b2899,yqfA
1705,b4083,yjcS
1706,b1634,dtpA
1707,b1715,pheM
1708,b0364,yaiS
1709,b2776,ygcE
1710,b3792,wzxE
1711,b4089,alsR
1712,b2910,zapA
1713,b0462,acrB
1714,b1685,ydiH
1715,b4430,rydB
1716,b1323,tyrR
1717,b1558,cspF
1718,b3187,ispB
1719,b0347,mhpA
1720,b2988,gss
1721,b4700,sokE
1722,b0379,yaiY
1723,b2673,nrdH
1724,b3189,murA
1725,b1248,yciU
1726,b4438,cyaR
1727,b4686,yshB
1728,b0018,mokC
1729,b0642,leuS
1730,b1833,yebS
1731,b0064,araC
1732,b0887,cydD
1733,b1914,uvrY
1734,b2965,speC
1735,b4146,epmB
1736,b3664,adeQ
1737,b4487,yjdP
1738,b3151,yraQ
1739,b3545,proK
1740,b2417,crr
1741,b2582,trxC
1742,b0247,ykfG
1743,b1981,shiA
1744,b2887,ygfT
1745,b1793,yoaF
1746,b2114,metG
1747,b3193,mlaD
1748,b2837,galR
1749,b0084,ftsI
1750,b3836,tatA
1751,b3834,ubiJ
1752,b1837,yebW
1753,b2937,speB
1754,b3357,crp
1755,b0272,xynR
1756,b0147,thpR
1757,b0960,yccS
1758,b1064,grxB
1759,b0426,yajQ
1760,b4035,malK
1761,b4437,sibB
1762,b2927,epd
1763,b3208,mtgA
1764,b2618,yfjF
1765,b0225,yafQ
1766,b2682,ygaZ
1767,b1876,argS
1768,b2150,mglB
1769,b2735,ygbI
1770,b3673,emrD
1771,b2464,talA
1772,b3485,yhhJ
1773,b3083,higB
1774,b3753,rbsR
1775,b1230,tyrV
1776,b3446,yrhB
1777,b3781,trxA
1778,b0753,ybgS
1779,b0554,essD
1780,b3562,yiaA
1781,b2463,maeB
1782,b3113,tdcF
1783,b2732,ygbA
1784,b0194,proS
1785,b0402,proY
1786,b3565,xylA
1787,b0924,mukB
1788,b3839,tatC
1789,b2746,ispF
1790,b0460,hha
1791,b4416,rybA
1792,b0008,talB
1793,b1147,ymfL
1794,b4239,treC
1795,b2102,yegX
1796,b3610,grxC
1797,b0961,yccF
1798,b3403,pck
1799,b1228,ychS
1800,b0087,mraY
1801,b4611,sibE
1802,b3858,yihD
1803,b3192,mlaC
1804,b4453,ldrD
1805,b1049,opgH
1806,b3900,frvA
1807,b0526,cysS
1808,b4178,nsrR
1809,b3032,cpdA
1810,b0312,betB
1811,b1429,tehA
1812,b2465,tktB
1813,b0849,grxA
1814,b1358,ydaT
1815,b0122,yacC
1816,b1213,ychQ
1817,b1910,cysT
1818,b1059,solA
1819,b1702,ppsA
1820,b3199,lptC
1821,b0802,ybiJ
1822,b3434,yhgN
1823,b0795,ybhG
1824,b1097,mltG
1825,b1719,thrS
1826,b3514,mdtF
1827,b0029,ispH
1828,b0118,acnB
1829,b2871,ygeX
1830,b1547,ydfN
1831,b2434,ypeA
1832,b4624,ryjB
1833,b2661,gabD
1834,b1654,grxD
1835,b1614,ydgA
1836,b0731,mngA
1837,b2930,yggF
1838,b1103,hinT
1839,b0644,ybeQ
1840,b0358,yaiO
1841,b2619,ratA
1842,b4427,micC
1843,b3176,glmM
1844,b4218,ytfL
1845,b3560,glyQ
1846,b0333,prpC
1847,b2130,yehY
1848,b2572,rseA
1849,b1316,ycjT
1850,b3765,yifB
1851,b2662,gabT
1852,b2128,yehW
1853,b2693,argY
1854,b1393,paaF
1855,b1057,yceJ
1856,b4342,yjiT
1857,b3351,kefG
1858,b3747,kup
1859,b2356,yfdM
1860,b1784,yeaH
1861,b4258,valS
1862,b1383,ydbL
1863,b3462,ftsX
1864,b0587,fepE
1865,b0878,macA
1866,b3918,cdh
1867,b4039,ubiC
1868,b2542,hcaD
1869,b2774,ygcW
1870,b2664,csiR
1871,b2319,usg
1872,b3656,yicI
1873,b2450,yffS
1874,b1878,flhE
1875,b2197,ccmE
1876,b2173,yeiR
1877,b1932,yedL
1878,b2288,nuoA
1879,b4266,idnO
1880,b0123,cueO
1881,b1839,yebY
1882,b4421,ldrB
1883,b0710,ybgI
1884,b0091,murC
1885,b0951,pqiB
1886,b0026,ileS
1887,b4699,fnrS
1888,b0351,mhpF
1889,b1469,narU
1890,b4292,fecR
1891,b0742,cpoB
1892,b0993,torS
1893,b2201,ccmA
1894,b1901,araF
1895,b3978,glyT
1896,b1242,ychE
1897,b2942,metK
1898,b2331,smrB
1899,b2642,yfjW
1900,b4211,qorB
1901,b4341,yjiS
1902,b1408,ynbA
1903,b0106,hofC
1904,b3523,yhjE
1905,b2998,yghW
1906,b0766,ybhA
1907,b4129,lysU
1908,b3075,ebgR
1909,b1916,sdiA
1910,b1051,msyB
1911,b2886,ygfS
1912,b0896,dmsC
1913,b0880,cspD
1914,b3290,trkA
1915,b2239,glpQ
1916,b1548,nohA
1917,b2147,preA
1918,b3587,yiaW
1919,b0124,gcd
1920,b0901,ycaK
1921,b2747,ispD
1922,b2649,ypjB
1923,b3925,glpX
1924,b0110,ampD
1925,b1094,acpP
1926,b4454,rdlD
1927,b1067,yceH
1928,b0606,ahpF
1929,b1592,clcB
1930,b2697,alaS
1931,b3539,yhjV
1932,b0926,ycbK
1933,b3416,malQ
1934,b1524,glsB
1935,b3987,rpoB
1936,b3945,gldA
1937,b0101,yacG
1938,b0976,hyaE
1939,b2307,hisM
1940,b3600,mtlD
1941,b0404,acpH
1942,b0672,leuW
1943,b1303,pspF
1944,b2876,yqeC
1945,b2136,yohD
1946,b0046,kefF
1947,b3638,yicR
1948,b3944,yijF
1949,b4232,fbp
1950,b0146,sfsA
1951,b2109,yehB
1952,b1713,pheT
1953,b3677,yidI
1954,b2412,zipA
1955,b0574,cusB
1956,b0825,fsaA
1957,b3107,yhaL
1958,b1468,narZ
1959,b3926,glpK
1960,b0596,entA
1961,b4449,sraG
1962,b2295,yfbV
1963,b0250,ykfB
1964,b0476,aes
1965,b3255,accB
1966,b0527,ybcI
1967,b2245,yfaU
1968,b3425,glpE
1969,b0524,lpxH
1970,b0119,yacL
1971,b4456,glmZ
1972,b3447,ggt
1973,b1181,ycgN
1974,b1324,tpx
1975,b1866,aspS
1976,b2696,csrA
1977,b2554,glrR
1978,b2346,mlaA
1979,b4231,yjfF
1980,b1461,pptA
1981,b4662,sgrT
1982,b3449,ugpQ
1983,b2284,nuoF
1984,b0478,ybaL
1985,b3658,selC
1986,b0278,yagL
1987,b3904,rhaB
1988,b2115,yehF
1989,b3086,ygjQ
1990,b1033,ghrA
1991,b1215,kdsA
1992,b2883,guaD
1993,b0920,elyC
1994,b3674,yidF
1995,b0682,chiQ
1996,b0328,yahN
1997,b0893,serS
1998,b2943,galP
1999,b2614,grpE
2000,b3513,mdtE
2001,b3427,yzgL
2002,b3952,pflC
2003,b2690,yqaB
2004,b0597,entH
2005,b4459,ryjA
2006,b3507,dctR
2007,b3608,gpsA
2008,b0557,borD
2009,b2093,gatB
2010,b1254,yciB
2011,b4558,yifL
2012,b3619,rfaD
2013,b2210,mqo
2014,b1479,maeA
2015,b0031,dapB
2016,b3864,spf
2017,b1527,yneK
2018,b3191,mlaB
2019,b1583,ynfB
2020,b1637,tyrS
2021,b3543,dppB
2022,b4113,basR
2023,b2209,eco
2024,b1309,ycjM
2025,b0963,mgsA
2026,b2285,nuoE
2027,b4477,dgoA
2028,b0733,cydA
2029,b0509,glxR
2030,b2252,ais
2031,b0798,ybiA
2032,b1150,ymfR
2033,b1665,valV
2034,b3141,agaI
2035,b2032,wbbK
2036,b1904,yecR
2037,b3547,yhjX
2038,b0573,cusF
2039,b1397,paaJ
2040,b1039,csgE
2041,b3614,yibQ
2042,b2514,hisS
2043,b0593,entC
2044,b0700,rhsC
2045,b0436,tig
2046,b2669,stpA
2047,b1872,torZ
2048,b1781,yeaE
2049,b4472,yhdP
2050,b3337,bfd
2051,b1361,ydaW
2052,b2789,gudP
2053,b0200,gmhB
2054,b1396,paaI
2055,b1777,yeaC
2056,b3100,yqjK
2057,b4436,sibA
2058,b3594,yibA
2059,b3972,murB
2060,b3503,arsC
2061,b0481,ybaK
2062,b3241,aaeA
2063,b4309,nanS
2064,b3954,yijO
2065,b0734,cydB
2066,b3397,nudE
2067,b0927,gloC
2068,b3866,yihI
2069,b4154,frdA
2070,b0396,araJ
2071,b3269,yhdX
2072,b1551,ynfN
2073,b4126,yjdI
2074,b0897,ycaC
2075,b1986,asnU
2076,b0222,lpcA
2077,b0886,cydC
2078,b1928,yedD
2079,b2798,ygdG
2080,b0950,pqiA
2081,b2134,pbpG
2082,b0434,yajG
2083,b2890,lysS
2084,b2714,ascG
2085,b0785,moaE
2086,b3034,nudF
2087,b1771,ydjG
2088,b4417,rybB
2089,b0502,ylbG
2090,b2001,yeeR
2091,b2728,hypC
2092,b4334,yjiL
2093,b4722,idlP
2094,b2167,fruA
2095,b1132,hflD
2096,b2708,gutQ
2097,b4608,ohsC
2098,b2328,mepA
2099,b2120,yehM
2100,b1841,yobA
2101,b1635,gstA
2102,b1501,ydeP
2103,b1961,dcm
2104,b3705,yidC
2105,b2029,gnd
2106,b3270,yhdY
2107,b0305,rclR
2108,b4566,topAI
2109,b2481,hyfA
2110,b0212,gloB
2111,b1911,glyW
2112,b0595,entB
2113,b4504,ykfH
2114,b2359,yfdP
2115,b3197,kdsD
2116,b4333,yjiK
2117,b1622,malY
2118,b0157,yadS
2119,b1426,ydcH
2120,b4461,yfjD
2121,b1342,zntB
2122,b4348,hsdS
2123,b1723,pfkB
2124,b3150,yraP
2125,b2152,yeiB
2126,b0761,modE
2127,b2995,hybB
2128,b1651,gloA
2129,b2626,yfjJ
2130,b1166,ariR
2131,b2705,srlD
2132,b4425,rttR
2133,b1004,wrbA
2134,b0918,kdsB
2135,b4426,mcaS
2136,b4609,ryfD
2137,b0915,lpxK
2138,b0906,ycaP
2139,b2294,yfbU
2140,b1732,katE
2141,b4351,mrr
2142,b1834,yebT
2143,b1852,zwf
2144,b0583,entD
2145,b1040,csgD
2146,b0232,yafN
2147,b1896,otsA
2148,b3224,nanT
2149,b4073,nrfD
2150,b0207,dkgB
2151,b3546,eptB
2152,b0743,lysT
2153,b4596,yciZ
2154,b2645,yfjZ
2155,b3715,yieH
2156,b3391,hofQ
2157,b3542,dppC
2158,b0445,ybaE
2159,b1604,ydgH
2160,b3950,frwB
2161,b4349,hsdM
2162,b3410,feoC
2163,b1856,mepM
2164,b0808,ybiO
2165,b0765,modC
2166,b1317,ycjU
2167,b2281,nuoI
2168,b4435,isrC
2169,b1921,fliZ
2170,b2458,eutD
2171,b0537,intD
2172,b3052,rfaE
2173,b3646,yicG
2174,b3526,kdgK
2175,b4056,yjbQ
2176,b0457,pdeB
2177,b3393,hofO
2178,b2273,yfbN
2179,b2036,glf
2180,b2636,yfjS
2181,b4698,mgrR
2182,b2683,ygaH
2183,b3713,yieF
2184,b1335,ogt
2185,b2096,gatY
2186,b0177,bamA
2187,b1526,yneJ
2188,b3413,yhgH
2189,b0773,ybhB
2190,b1002,agp
2191,b2484,hyfD
2192,b1105,lpoB
2193,b0740,tolB
2194,b2297,pta
2195,b2034,wbbI
2196,b2695,serV
2197,b0107,hofB
2198,b4684,yqfG
2199,b0341,cynX
2200,b3207,yrbL
2201,b0790,ybhP
2202,b2137,yohF
2203,b4594,ymgJ
2204,b0484,copA
2205,b4159,mscM
2206,b0621,dcuC
2207,b0009,mog
2208,b1624,ydgJ
2209,b1175,minD
2210,b3437,gntK
2211,b2033,wbbJ
2212,b4151,frdD
2213,b4690,eyeA
2214,b2847,yqeI
2215,b0568,nfrA
2216,b0786,ybhL
2217,b4403,yjtD
2218,b2253,arnB
2219,b3392,hofP
2220,b1400,paaY
2221,b4150,ampC
2222,b4452,gadY
2223,b2865,ygeR
2224,b1931,yedK
2225,b4362,dnaT
2226,b4394,yjjX
2227,b3240,aaeB
2228,b2980,glcC
2229,b1116,lolC
2230,b4299,yjhI
2231,b3395,hofM
2232,b1197,treA
2233,b1045,ymdB
2234,b2264,menD
2235,b2403,valY
2236,b3161,mtr
2237,b1154,ycfK
2238,b4366,bglJ
2239,b4738,ymgK
2240,b2257,arnT
2241,b1962,yedJ
2242,b4192,ulaG
2243,b1336,abgT
2244,b4671,ykgR
2245,b1233,ychJ
2246,b0393,rdgC
2247,b3126,garL
2248,b0577,ybdG
2249,b0784,moaD
2250,b3388,damX
2251,b3901,rhaM
2252,b0193,yaeF
2253,b1897,otsB
2254,b1476,fdnI
2255,b3755,yieP
2256,b0254,perR
2257,b2220,atoC
2258,b2255,arnA
2259,b0983,gfcE
2260,b3499,rlmJ
2261,b4442,micA
2262,b0085,murE
2263,b4502,yeiW
2264,b4715,ytiA
2265,b3265,acrE
2266,b1727,hxpB
2267,b1610,tus
2268,b1508,hipB
2269,b1514,lsrC
2270,b3136,agaS
2271,b1695,ydiO
2272,b4241,treR
2273,b2991,hybF
2274,b3806,cyaA
2275,b3258,panF
2276,b3853,alaT
2277,b0622,pagP
2278,b2224,atoB
2279,b0281,intF
2280,b4692,oweE
2281,b3394,hofN
2282,b4755,yqhI
2283,b4737,ymdG
2284,b0594,entE
2285,b1044,ymdA
2286,b3030,parE
2287,b1330,ynaI
2288,b3613,envC
2289,b3440,yhhX
2290,b1699,ydiS
2291,b3857,mobA
2292,b0137,yadL
2293,b4076,nrfG
2294,b4432,ryeA
2295,b0888,trxB
2296,b4365,yjjQ
2297,b0563,tfaX
2298,b3081,fadH
2299,b2254,arnC
2300,b1340,smrA
2301,b4720,ytiC
2302,b4026,yjbE
2303,b4384,deoD
2304,b1724,ydiZ
2305,b4451,ryhB
2306,b3935,priA
2307,b3051,yqiK
2308,b4233,mpl
2309,b0418,pgpA
2310,b3887,dtd
2311,b1519,tam
2312,b2342,fadI
2313,b3204,ptsN
2314,b3300,secY
2315,b2278,nuoL
2316,b0206,aspU
2317,b1284,yciT
2318,b3845,fadA
2319,b2329,aroC
2320,b1155,tfaP
2321,b0288,ykgJ
2322,b2420,yfeS
2323,b4754,yqfI
2324,b4029,yjbH
2325,b0260,mmuP
2326,b1187,fadR
2327,b1037,csgG
2328,b4206,ytfB
2329,b0763,modA
2330,b2371,yfdE
2331,b0184,dnaE
2332,b1322,ycjF
2333,b4691,sroH
2334,b2929,fumE
2335,b2487,hyfG
2336,b1368,ynaA
2337,b0335,prpE
2338,b2601,aroF
2339,b1641,slyB
2340,b0482,ybaP
2341,b1021,pgaD
2342,b4446,sibC
2343,b3182,dacB
2344,b1063,yceB
2345,b4157,yjeN
2346,b0286,paoA
2347,b3700,recF
2348,b2219,atoS
2349,b1657,ydhP
2350,b1608,rstA
2351,b2165,psuG
2352,b3581,sgbH
2353,b4188,yjfN
2354,b1985,yeeO
2355,b3797,hisR
2356,b2243,glpC
2357,b1554,rrrQ
2358,b0443,fadM
2359,b1692,ydiB
2360,b0689,ybfP
2361,b3338,chiA
2362,b1440,ydcS
2363,b0619,dpiB
2364,b0788,ybhN
2365,b0234,yafP
2366,b4372,holD
2367,b1259,yciG
2368,b2222,atoA
2369,b4311,nanC
2370,b4361,dnaC
2371,b4593,ymgI
2372,b0826,moeB
2373,b2919,scpB
2374,b4457,csrC
2375,b0846,rcdA
2376,b1227,narI
2377,b1795,yeaQ
2378,b0984,gfcD
2379,b1698,ydiR
2380,b3249,mreD
2381,b0092,ddlB
2382,b3389,aroB
2383,b4625,symR
2384,b3233,yhcB
2385,b0130,yadE
2386,b2004,cbeA
2387,b2107,rcnB
2388,b1694,ydiF
2389,b2409,yfeR
2390,b2678,proW
2391,b3778,rep
2392,b2687,luxS
2393,b0578,nfsB
2394,b2362,yfdS
2395,b2469,narQ
2396,b0673,metT
2397,b2341,fadJ
2398,b1085,yceQ
2399,b1376,uspF
2400,b3281,aroE
2401,b0408,secD
2402,b4028,yjbG
2403,b0879,macB
2404,b3488,yhiJ
2405,b0608,ybdR
2406,b0892,rarA
2407,b0330,prpR
2408,b4142,groS
2409,b4197,ulaE
2410,b4663,azuC
2411,b0996,torC
2412,b2398,yfeC
2413,b2629,yfjM
2414,b0782,moaB
2415,b2344,fadL
2416,b0388,aroL
2417,b3342,rpsL
2418,b1644,ydhJ
2419,b3533,bcsA
2420,b3967,murI
2421,b1970,yedX
2422,b0329,yahO
2423,b4447,sibD
2424,b3356,yhfA
2425,b2154,yeiG
2426,b3019,parC
2427,b3981,secE
2428,b3105,yhaJ
2429,b1805,fadD
2430,b1907,tyrP
2431,b1917,tcyN
2432,b2552,hmp
2433,b3979,thrT
2434,b0353,mhpT
2435,b0908,aroA
2436,b4277,yjgZ
2437,b2203,napB
2438,b1321,ycjX
2439,b1797,yeaR
2440,b1023,pgaB
2441,b1118,lolE
2442,b1195,ymgE
2443,b1029,ycdU
2444,b2221,atoD
2445,b0956,matP
2446,b2496,hda
2447,b2922,yggE
2448,b0615,citF
2449,b4736,yliM
2450,b2206,napA
2451,b1480,sra
2452,b0783,moaC
2453,b1348,ralR
2454,b3746,ravA
2455,b1693,aroD
2456,b1697,ydiQ
2457,b1978,yeeJ
2458,b1675,fumD
2459,b2373,oxc
2460,b3250,mreC
2461,b2519,pbpC
2462,b0712,pxpC
2463,b1133,mnmA
2464,b4110,yjcZ
2465,b3452,ugpA
2466,b4340,yjiR
2467,b4301,sgcE
2468,b1701,fadK
2469,b3387,dam
2470,b2265,menF
2471,b2845,yqeG
2472,b1441,ydcT
2473,b2168,fruK
2474,b1700,ydiT
2475,b3390,aroK
2476,b0747,lysY
2477,b4510,rzoD
2478,b2375,yfdX
2479,b4027,yjbF
2480,b1314,ycjR
2481,b2583,yfiP
2482,b1381,ydbH
2483,b0467,priC
2484,b0221,fadE
2485,b3149,diaA
2486,b2755,cas1
2487,b3470,tusA
2488,b1325,ycjG
2489,b4753,yqfH
2490,b0543,emrE
2491,b2491,hyfR
2492,b3346,yheO
2493,b0204,rrlH
2494,b0258,ykfC
2495,b0348,mhpB
2496,b4570,lomR
2497,b2736,ygbJ
2498,b0386,proC
2499,b2672,ygaM
2500,b0013,yaaI
2501,b4314,fimA
2502,b3532,bcsB
2503,b3289,rsmB
2504,b3001,gpr
2505,b4259,holC
2506,b1406,pdxI
2507,b3846,fadB
2508,b3711,yidZ
2509,b2917,scpA
2510,b2882,xanQ
2511,b3654,xanP
2512,b0972,hyaA
2513,b1513,lsrA
2514,b2397,alaW
2515,b0346,mhpR
2516,b0546,ybcM
2517,b0242,proB
2518,b1751,ydjY
2519,b2880,ygfM
2520,b1505,ydeT
2521,b2824,ygdB
2522,b1515,lsrD
2523,b1022,pgaC
2524,b2566,era
2525,b0923,mukE
2526,b2904,gcvH
2527,b3701,dnaN
2528,b2303,folX
2529,b2877,mocA
2530,b0227,yafL
2531,b1465,narV
2532,b3983,rplK
2533,b1138,ymfE
2534,b0610,rnk
2535,b0243,proA
2536,b2879,ssnA
2537,b0138,yadM
2538,b0807,rlmF
2539,b1308,pspE
2540,b1847,yebF
2541,b4303,sgcQ
2542,b3822,recQ
2543,b3708,tnaA
2544,b0605,ahpC
2545,b1386,tynA
2546,b3622,waaL
2547,b3879,yihR
2548,b3520,yhjB
2549,b3195,mlaF
2550,b2261,menC
2551,b3227,dcuD
2552,b0665,glnV
2553,b1346,xisR
2554,b3454,livF
2555,b3098,yqjD
2556,b1952,dsrB
2557,b0907,serC
2558,b1278,pgpB
2559,b1842,holE
2560,b1730,ydjO
2561,b1575,dicB
2562,b0803,ybiI
2563,b2758,casC
2564,b1189,dadA
2565,b2874,yqeA
2566,b3894,fdoG
2567,b4572,ylbE
2568,b3302,rpmD
2569,b0827,moeA
2570,b3021,mqsA
2571,b1372,stfR
2572,b4388,serB
2573,b2335,yfcR
2574,b0602,ybdN
2575,b3803,hemX
2576,b1708,nlpC
2577,b2532,trmJ
2578,b0470,dnaX
2579,b0192,nlpE
2580,b0706,ybfD
2581,b1294,sapA
2582,b0447,decR
2583,b2164,psuT
2584,b2842,kduD
2585,b2547,yphE
2586,b3480,nikE
2587,b0336,codB
2588,b0202,ileV
2589,b1559,ydfT
2590,b1690,ydiM
2591,b3280,yrdB
2592,b1332,ynaJ
2593,b2272,yfbM
2594,b2913,serA
2595,b3939,metB
2596,b4109,crfC
2597,b0687,seqA
2598,b2989,yghU
2599,b0992,yccM
2600,b0781,moaA
2601,b1042,csgA
2602,b0824,ybiY
2603,b2056,wcaD
2604,b3244,tldD
2605,b2310,argT
2606,b3165,rpsO
2607,b3097,yqjC
2608,b4317,fimD
2609,b3697,yidA
2610,b1825,yebO
2611,b3696,yidX
2612,b3651,trmH
2613,b0947,ycbX
2614,b3863,polA
2615,b2797,sdaB
2616,b2198,ccmD
2617,b0504,allS
2618,b1619,hdhA
2619,b4125,dcuS
2620,b0820,ybiT
2621,b3171,metY
2622,b2182,bcr
2623,b2478,dapA
2624,b2443,yffL
2625,b2535,csiE
2626,b1948,fliP
2627,b4149,blc
2628,b4160,psd
2629,b2851,ygeG
2630,b2271,yfbL
2631,b4052,dnaB
2632,b1384,feaR
2633,b0508,hyi
2634,b2615,nadK
2635,b1313,ycjQ
2636,b3243,aaeR
2637,b0895,dmsB
2638,b3855,rrfA
2639,b2632,yfjP
2640,b2472,dapE
2641,b1258,yciF
2642,b3508,yhiD
2643,b0195,trmO
2644,b3043,ygiL
2645,b4023,yjbD
2646,b3817,yigF
2647,b3441,yhhY
2648,b4201,priB
2649,b3577,yiaM
2650,b1767,ansA
2651,b1328,pgrR
2652,b0127,yadG
2653,b4298,yjhH
2654,b0007,yaaJ
2655,b0975,hyaD
2656,b3966,btuB
2657,b4024,lysC
2658,b0244,thrW
2659,b2832,ygdQ
2660,b0065,yabI
2661,b2074,mdtA
2662,b1071,flgM
2663,b2534,yfhR
2664,b0640,holA
2665,b2017,yefM
2666,b1502,ydeQ
2667,b3937,yiiX
2668,b2700,pncC
2669,b1014,putA
2670,b1467,narY
2671,b0617,citD
2672,b0741,pal
2673,b3756,rrsC
2674,b3279,yrdA
2675,b0002,thrA
2676,b1494,pqqL
2677,b0567,ybcH
2678,b3145,yraK
2679,b0111,ampE
2680,b2903,gcvP
2681,b4335,yjiM
2682,b2480,bcp
2683,b4485,ytfR
2684,b2277,nuoM
2685,b2593,pgeF
2686,b2577,yfiE
2687,b0463,acrA
2688,b2941,yqgD
2689,b0536,argU
2690,b1846,yebE
2691,b3359,argD
2692,b1887,cheW
2693,b0409,secF
2694,b0967,rlmI
2695,b1561,rem
2696,b2809,ygdI
2697,b3652,recG
2698,b1746,astD
2699,b0647,ybeT
2700,b1726,yniB
2701,b3951,pflD
2702,b0338,cynR
2703,b1740,nadE
2704,b3310,rplN
2705,b0814,ompX
2706,b0166,dapD
2707,b1244,oppB
2708,b3644,yicC
2709,b4061,pdeC
2710,b4319,fimG
2711,b2791,truC
2712,b1523,yneG
2713,b3586,yiaV
2714,b0285,paoB
2715,b1099,holB
2716,b4130,dtpC
2717,b0928,aspC
2718,b2014,plaP
2719,b1484,ddpD
2720,b1650,nemA
2721,b2286,nuoC
2722,b3969,gltT
2723,b4588,ylcH
2724,b2838,lysA
2725,b2709,norR
2726,b3160,yhbW
2727,b0391,ppnP
2728,b4355,tsr
2729,b3451,ugpE
2730,b2940,yqgC
2731,b1875,yecM
2732,b3118,tdcA
2733,b4539,yoeB
2734,b1633,nth
2735,b1906,yecH
2736,b3878,yihQ
2737,b4390,nadR
2738,b3636,rpmG
2739,b0261,mmuM
2740,b3940,metL
2741,b1478,adhP
2742,b4145,yjeJ
2743,b0962,helD
2744,b0163,yaeH
2745,b0530,sfmA
2746,b3965,trmA
2747,b3085,ygjP
2748,b1656,sodB
2749,b2958,yggN
2750,b1290,sapF
2751,b2580,ung
2752,b2738,ygbL
2753,b1334,fnr
2754,b3585,yiaU
2755,b0311,betA
2756,b2161,nupX
2757,b3201,lptB
2758,b4370,leuQ
2759,b0549,ybcO
2760,b3433,asd
2761,b4127,yjdJ
2762,b2067,dgcE
2763,b0643,ybeL
2764,b2888,uacT
2765,b3159,yhbV
2766,b0209,yafD
2767,b0454,atl
2768,b3114,tdcE
2769,b0639,nadD
2770,b2267,elaA
2771,b0126,can
2772,b0169,rpsB
2773,b2726,hypA
2774,b1143,ymfI
2775,b1247,oppF
2776,b3209,elbB
2777,b3809,dapF
2778,b2894,xerD
2779,b0135,yadC
2780,b4168,tsaE
2781,b4557,yidD
2782,b4581,ybeM
2783,b0711,pxpB
2784,b0714,nei
2785,b2366,dsdA
2786,b2112,yehE
2787,b2180,yejF
2788,b0654,gltJ
2789,b2571,rseB
2790,b2920,scpC
2791,b3366,nirD
2792,b4115,adiC
2793,b2839,lysR
2794,b2967,pheV
2795,b1375,ynaE
2796,b1088,yceD
2797,b1943,fliK
2798,b2156,lysP
2799,b3830,ysgA
2800,b2586,yfiM
2801,b3616,tdh
2802,b2565,recO
2803,b1329,mppA
2804,b2574,nadB
2805,b2510,yfgJ
2806,b2579,grcA
2807,b1566,flxA
2808,b4054,tyrB
2809,b4377,yjjU
2810,b4724,ynfQ
2811,b0990,cspG
2812,b4198,ulaF
2813,b0942,ycbU
2814,b2946,rsmE
2815,b4202,rpsR
2816,b0821,ybiU
2817,b4170,mutL
2818,b3540,dppF
2819,b3370,frlA
2820,b2495,yfgD
2821,b3924,fpr
2822,b4484,cpxP
2823,b3352,yheS
2824,b4072,nrfC
2825,b4476,gntU
2826,b2350,yfdG
2827,b2600,tyrA
2828,b4482,yigE
2829,b0219,yafV
2830,b1586,ynfD
2831,b1891,flhC
2832,b3977,tyrU
2833,b2411,ligA
2834,b2686,emrB
2835,b1055,yceA
2836,b3617,kbl
2837,b4224,chpS
2838,b1768,pncA
2839,b0045,yaaU
2840,b0616,citE
2841,b2790,yqcA
2842,b2282,nuoH
2843,b4443,gcvB
2844,b3274,rrfD
2845,b1653,lhr
2846,b2599,pheA
2847,b0518,fdrA
2848,b2446,yffO
2849,b2111,yehD
2850,b1413,hrpA
2851,b4718,gadF
2852,b2229,yfaT
2853,b3687,ibpA
2854,b1407,ydbD
2855,b1863,ruvC
2856,b3707,tnaC
2857,b3266,acrF
2858,b3512,gadE
2859,b4331,kptA
2860,b0794,ybhF
2861,b1529,marC
2862,b2483,hyfC
2863,b2635,ypjK
2864,b1457,ydcD
2865,b2652,ileY
2866,b0823,ybiW
2867,b2987,pitB
2868,b1938,fliF
2869,b3157,yhbT
2870,b2961,mutY
2871,b4402,yjjY
2872,b2905,gcvT
2873,b0296,ykgM
2874,b1528,ydeA
2875,b2757,casD
2876,b3679,yidK
2877,b0109,nadC
2878,b2902,ygfF
2879,b1569,dicC
2880,b1163,bluF
2881,b2591,rrsG
2882,b1495,yddB
2883,b3400,hslR
2884,b4152,frdC
2885,b4053,alr
2886,b0515,allE
2887,b1503,ydeR
2888,b1018,efeO
2889,b3084,rlmG
2890,b4536,yobH
2891,b4415,hokE
2892,b0838,gstB
2893,b0709,dtpD
2894,b3385,gph
2895,b2921,ygfI
2896,b3005,exbD
2897,b0451,amtB
2898,b1117,lolD
2899,b2730,hypE
2900,b0512,allB
2901,b1447,ydcZ
2902,b1072,flgA
2903,b3796,argX
2904,b2379,alaC
2905,b0586,entF
2906,b0513,ybbY
2907,b4542,yohO
2908,b3989,yjaZ
2909,b3068,mug
2910,b1658,purR
2911,b1305,pspB
2912,b0471,ybaB
2913,b4219,msrA
2914,b0517,allD
2915,b3955,eptC
2916,b3152,yraR
2917,b0750,nadA
2918,b1572,ydfB
2919,b1475,fdnH
2920,b4173,hflX
2921,b0686,ybfF
2922,b3929,rraA
2923,b3153,yhbO
2924,b3770,ilvE
2925,b1667,ydhR
2926,b0136,yadK
2927,b3741,mnmG
2928,b4553,ysaB
2929,b0442,ybaV
2930,b4470,cyuA
2931,b1960,vsr
2932,b2808,gcvA
2933,b0810,glnP
2934,b4136,dsbD
2935,b0505,allA
2936,b0199,metN
2937,b4191,ulaR
2938,b2993,hybD
2939,b2590,gltW
2940,b1557,cspB
2941,b3006,exbB
2942,b2290,alaA
2943,b1808,yoaA
2944,b1220,ychO
2945,b2258,arnF
2946,b1271,yciK
2947,b4568,ytjA
2948,b2212,alkB
2949,b0931,pncB
2950,b1745,astB
2951,b0762,acrZ
2952,b2760,casA
2953,b3578,yiaN
2954,b0516,allC
2955,b3808,yzcX
2956,b4075,nrfF
2957,b3294,rplQ
2958,b1831,proQ
2959,b4060,yjcB
2960,b0246,yafW
2961,b3686,ibpB
2962,b2334,yfcQ
2963,b2073,yegL
2964,b4535,yniD
2965,b1086,rluC
2966,b3572,avtA
2967,b0658,ybeX
2968,b2068,alkA
2969,b0769,ybhH
2970,b0674,asnB
2971,b4156,yjeM
2972,b1483,ddpF
2973,b2810,csdA
2974,b4368,leuV
2975,b3699,gyrB
2976,b1646,sodC
2977,b2279,nuoK
2978,b0863,artI
2979,b0698,kdpA
2980,b0552,insH-2
2981,b4545,ypdJ
2982,b2431,yfeX
2983,b1926,fliT
2984,b4490,efeU
2985,b3329,gspH
2986,b2123,yehR
2987,b4541,yehK
2988,b0472,recR
2989,b2761,cas3
2990,b0693,speF
2991,b2936,loiP
2992,b2688,gshA
2993,b0389,yaiA
2994,b2486,hyfF
2995,b0314,betT
2996,b3303,rpsE
2997,b4719,sdsN
2998,b2555,qseG
2999,b3869,glnL
3000,b4316,fimC
3001,b2768,ygcP
3002,b2806,rlmM
3003,b4139,aspA
3004,b1146,ymfT
3005,b1482,osmC
3006,b4551,yheV
3007,b0968,yccX
3008,b2080,yegP
3009,b1291,sapD
3010,b0697,kdpB
3011,b0653,gltK
3012,b3295,rpoA
3013,b0495,ybbA
3014,b1232,purU
3015,b1191,cvrA
3016,b2242,glpB
3017,b3799,proM
3018,b3942,katG
3019,b0811,glnH
3020,b1357,ydaS
3021,b4610,ygdT
3022,b2948,yqgE
3023,b1075,flgD
3024,b2008,yeeA
3025,b3468,yhhN
3026,b2733,mutS
3027,b4567,yjjZ
3028,b4471,tdcG
3029,b2783,mazE
3030,b1285,pdeR
3031,b3404,envZ
3032,b2947,gshB
3033,b4378,yjjV
3034,b0048,folA
3035,b4713,agrB
3036,b1225,narH
3037,b3065,rpsU
3038,b3096,mzrA
3039,b1546,tfaQ
3040,b0809,glnQ
3041,b0148,hrpB
3042,b2679,proX
3043,b0497,rhsD
3044,b0719,ybgD
3045,b4529,ydbJ
3046,b1267,yciO
3047,b0899,ycaM
3048,b4167,nnr
3049,b4289,fecC
3050,b3544,dppA
3051,b0708,phr
3052,b3941,metF
3053,b0058,rluA
3054,b1756,ynjD
3055,b1763,topB
3056,b1615,uidC
3057,b2262,menB
3058,b1543,ydfJ
3059,b2354,yfdK
3060,b4689,rzoQ
3061,b2401,valU
3062,b0845,ybjJ
3063,b3102,yqjG
3064,b1785,cdgI
3065,b4537,yecJ
3066,b1219,ychN
3067,b3868,glnG
3068,b1991,cobT
3069,b3119,tdcR
3070,b4439,micF
3071,b3923,uspD
3072,b3645,dinD
3073,b0529,folD
3074,b3964,yijD
3075,b4712,agrA
3076,b4408,csrB
3077,b0378,yaiW
3078,b2449,yffR
3079,b2233,yfaL
3080,b3142,yraH
3081,b0205,rrfH
3082,b1908,yecA
3083,b4411,ecnB
3084,b1835,rsmF
3085,b1626,ydgK
3086,b3635,mutM
3087,b3959,argB
3088,b4546,ypeB
3089,b3541,dppD
3090,b0997,torA
3091,b1596,ynfM
3092,b0284,paoC
3093,b0696,kdpC
3094,b2369,evgA
3095,b2129,yehX
3096,b2827,thyA
3097,b1912,pgsA
3098,b0323,yahI
3099,b0055,djlA
3100,b2202,napC
3101,b4741,ymiC
3102,b4034,malE
3103,b2368,emrK
3104,b4525,ymjC
3105,b4555,yicS
3106,b3379,php
3107,b1351,racC
3108,b2551,glyA
3109,b4389,radA
3110,b0466,ybaM
3111,b0561,tfaD
3112,b1246,oppD
3113,b1992,cobS
3114,b0934,ssuC
3115,b3716,cbrB
3116,b2205,napG
3117,b0266,yagB
3118,b1606,folM
3119,b2621,ssrA
3120,b1160,iraM
3121,b3237,argR
3122,b4601,ydgU
3123,b4538,yoeF
3124,b4360,yjjA
3125,b2952,yggT
3126,b4318,fimF
3127,b3343,tusB
3128,b4620,yjbT
3129,b1794,dgcP
3130,b3908,sodA
3131,b1755,ynjC
3132,b1296,puuP
3133,b2479,gcvR
3134,b2831,mutH
3135,b2315,folC
3136,b0900,ycaN
3137,b0156,erpA
3138,b4714,ralA
3139,b0033,carB
3140,b1691,ydiN
3141,b4181,yjfI
3142,b0249,ykfF
3143,b3271,yhdZ
3144,b3332,gspK
3145,b1535,dgcZ
3146,b2364,dsdC
3147,b4605,ypaB
3148,b1497,ydeM
3149,b4598,yncL
3150,b1043,csgC
3151,b2503,pdeF
3152,b1223,narK
3153,b2122,yehQ
3154,b0638,cobC
3155,b4014,aceB
3156,b2489,hyfI
3157,b3317,rplB
3158,b3745,viaA
3159,b0277,yagK
3160,b0864,artP
3161,b1283,osmB
3162,b2918,argK
3163,b0051,rsmA
3164,b0293,ecpA
3165,b1955,yedP
3166,b3910,yiiM
3167,b1114,mfd
3168,b3726,pstA
3169,b3455,livG
3170,b1599,mdtI
3171,b4015,aceA
3172,b0829,gsiA
3173,b2240,glpT
3174,b1512,lsrR
3175,b2585,pssA
3176,b2743,pcm
3177,b2818,argA
3178,b0307,ykgF
3179,b3054,ygiF
3180,b0556,rzpD
3181,b4002,zraP
3182,b1078,flgG
3183,b4688,ykgS
3184,b1190,dadX
3185,b4409,blr
3186,b1270,btuR
3187,b2782,mazF
3188,b4018,iclR
3189,b4095,phnM
3190,b3205,rapZ
3191,b1149,ymfN
3192,b4723,ymcF
3193,b3467,yhhM
3194,b0860,artJ
3195,b4410,ecnA
3196,b1221,narL
3197,b1716,rplT
3198,b3873,yihM
3199,b2785,rlmD
3200,b2825,ppdB
3201,b2343,yfcZ
3202,b0355,frmB
3203,b0486,ybaT
3204,b2101,yegW
3205,b4016,aceK
3206,b2076,mdtC
3207,b2992,hybE
3208,b1775,ydjK
3209,b2193,narP
3210,b0197,metQ
3211,b2075,mdtB
3212,b4078,yjcO
3213,b4254,argI
3214,b1038,csgF
3215,b0791,ybhQ
3216,b4740,ymgM
3217,b1360,ydaV
3218,b0576,pheP
3219,b4252,tabA
3220,b2603,yfiR
3221,b2756,casE
3222,b3727,pstC
3223,b1867,yecD
3224,b1993,cobU
3225,b1119,nagK
3226,b3893,fdoH
3227,b4637,uof
3228,b0032,carA
3229,b0190,yaeQ
3230,b3522,yhjD
3231,b2665,kbp
3232,b3306,rpsH
3233,b4049,dusA
3234,b2666,yqaE
3235,b0941,elfG
3236,b0713,pxpA
3237,b0861,artM
3238,b2098,yegT
3239,b1550,gnsB
3240,b2685,emrA
3241,b3010,yqhC
3242,b2428,murQ
3243,b1310,ycjN
3244,b3479,nikD
3245,b0292,ecpB
3246,b1164,ycgZ
3247,b3957,argE
3248,b1924,fliD
3249,b2000,flu
3250,b4757,ysdD
3251,b2617,bamE
3252,b2950,yggR
3253,b1744,astE
3254,b1709,btuD
3255,b0059,rapA
3256,b3510,hdeA
3257,b1107,nagZ
3258,b0995,torR
3259,b2608,rimM
3260,b2358,yfdO
3261,b1976,mtfA
3262,b2677,proV
3263,b0772,ybhC
3264,b3958,argC
3265,b0493,ybbO
3266,b3355,prkB
3267,b2108,yehA
3268,b3048,yqiI
3269,b0188,tilS
3270,b2878,ygfK
3271,b2957,ansB
3272,b3795,yifK
3273,b1249,clsA
3274,b2492,focB
3275,b1640,anmK
3276,b3261,fis
3277,b2177,yejA
3278,b4124,dcuR
3279,b1053,mdtG
3280,b2336,yfcS
3281,b3172,argG
3282,b2625,yfjI
3283,b1411,ynbD
3284,b4680,ypdK
3285,b3402,yhgE
3286,b0306,ykgE
3287,b1082,flgK
3288,b0382,iraP
3289,b1814,sdaA
3290,b2759,casB
3291,b0628,lipA
3292,b3057,bacA
3293,b0038,caiB
3294,b3134,agaW
3295,b4604,yojO
3296,b0894,dmsA
3297,b3758,rrlC
3298,b2644,yfjY
3299,b3960,argH
3300,b0822,ybiV
3301,b4376,osmY
3302,b1041,csgB
3303,b4705,mntS
3304,b0044,fixX
3305,b4475,rtcA
3306,b2933,cmtA
3307,b3500,gor
3308,b1250,kch
3309,b0912,ihfB
3310,b0401,brnQ
3311,b3874,yihN
3312,b1487,ddpA
3313,b0974,hyaC
3314,b3793,wzyE
3315,b4172,hfq
3316,b0525,ppiB
3317,b0870,ltaE
3318,b1598,ydgD
3319,b1081,flgJ
3320,b0634,mrdB
3321,b0780,ybhK
3322,b1747,astA
3323,b1112,bhsA
3324,b4050,pspG
3325,b4672,ymiB
3326,b4386,lplA
3327,b0036,caiD
3328,b4067,actP
3329,b1222,narX
3330,b0953,rmf
3331,b4326,iraD
3332,b1140,intE
3333,b0986,gfcB
3334,b3491,yhiM
3335,b3743,asnC
3336,b0108,ppdD
3337,b4133,cadC
3338,b3090,ygjV
3339,b0291,ecpC
3340,b3133,agaV
3341,b0405,queA
3342,b0043,fixC
3343,b0981,etk
3344,b0208,yafC
3345,b2194,ccmH
3346,b0158,btuF
3347,b2713,hydN
3348,b0067,thiP
3349,b0531,sfmC
3350,b1772,ydjH
3351,b0253,ykfA
3352,b3744,asnA
3353,b0579,ybdF
3354,b3334,gspM
3355,b1161,ycgX
3356,b3117,tdcB
3357,b1884,cheR
3358,b2754,cas2
3359,b0630,lipB
3360,b3495,uspA
3361,b2308,hisQ
3362,b4739,ymgL
3363,b0039,caiA
3364,b3308,rplE
3365,b0280,yagN
3366,b2598,pheL
3367,b2533,suhB
3368,b3930,menA
3369,b0866,ybjQ
3370,b0287,yagU
3371,b2333,yfcP
3372,b1431,ydcL
3373,b1257,yciE
3374,b3260,dusB
3375,b3782,rhoL
3376,b4467,glcF
3377,b4194,ulaB
3378,b4065,yjcE
3379,b3471,yhhQ
3380,b0828,iaaA
3381,b1857,znuA
3382,b2717,hycI
3383,b1534,ydeE
3384,b2287,nuoB
3385,b0754,aroG
3386,b0559,ybcW
3387,b1974,yodB
3388,b1068,yceM
3389,b1379,hslJ
3390,b1601,tqsA
3391,b1421,trg
3392,b2460,eutQ
3393,b2564,pdxJ
3394,b1489,dosP
3395,b0575,cusA
3396,b1245,oppC
3397,b2979,glcD
3398,b4441,glmY
3399,b3309,rplX
3400,b0994,torT
3401,b4756,yqiD
3402,b1153,ymfQ
3403,b4019,metH
3404,b2237,inaA
3405,b1452,yncE
3406,b1664,ydhQ
3407,b4312,fimB
3408,b3257,yhdT
3409,b2594,rluD
3410,b4193,ulaA
3411,b1125,potB
3412,b0507,gcl
3413,b3210,arcB
3414,b2179,yejE
3415,b1201,dhaR
3416,b3891,fdhE
3417,b4227,ytfQ
3418,b4064,ghxP
3419,b2893,dsbC
3420,b1366,ydaY
3421,b4013,metA
3422,b2299,yfcD
3423,b1689,ydiL
3424,b3047,yqiH
3425,b1410,ynbC
3426,b3494,uspB
3427,b0034,caiF
3428,b0607,uspG
3429,b1942,fliJ
3430,b2320,pdxB
3431,b4242,mgtA
3432,b4468,glcE
3433,b0295,ykgL
3434,b1087,yceF
3435,b0977,hyaF
3436,b3297,rpsK
3437,b4225,chpB
3438,b1553,rzpQ
3439,b3829,metE
3440,b1803,yeaX
3441,b1815,pdeD
3442,b1824,yobF
3443,b0661,miaB
3444,b0141,yadN
3445,b3618,htrL
3446,b0128,yadH
3447,b0692,potE
3448,b3222,nanK
3449,b2382,ypdC
3450,b4132,cadB
3451,b3020,ygiS
3452,b0581,ybdK
3453,b2934,cmtB
3454,b3365,nirB
3455,b2178,yejB
3456,b0998,torD
3457,b3828,metR
3458,b2250,yfaZ
3459,b4364,yjjP
3460,b1881,cheZ
3461,b1973,zinT
3462,b1542,ydfI
3463,b0367,tauC
3464,b2562,yfhL
3465,b1889,motB
3466,b0052,pdxA
3467,b0771,ybhJ
3468,b3078,ygjI
3469,b0678,nagB
3470,b4070,nrfA
3471,b2146,preT
3472,b3299,rpmJ
3473,b1707,ydiV
3474,b3551,bisC
3475,b2361,yfdR
3476,b2475,ypfJ
3477,b2007,yeeX
3478,b4117,adiA
3479,b2339,yfcV
3480,b2530,iscS
3481,b4304,sgcC
3482,b0855,potG
3483,b4144,yjeI
3484,b4071,nrfB
3485,b2424,cysU
3486,b3175,secG
3487,b3225,nanA
3488,b0646,djlB
3489,b2628,abpA
3490,b3008,metC
3491,b2849,yqeK
3492,b4230,ytfT
3493,b2131,osmF
3494,b1937,fliE
3495,b2777,queE
3496,b4363,yjjB
3497,b1758,ynjF
3498,b4327,hypT
3499,b3718,yieK
3500,b1940,fliH
3501,b4682,yqcG
3502,b1302,puuE
3503,b3131,agaR
3504,b1813,nudL
3505,b2367,emrY
3506,b0872,hcr
3507,b2283,nuoG
3508,b3252,csrD
3509,b1121,ycfZ
3510,b2589,rrlG
3511,b1139,lit
3512,b3938,metJ
3513,b2419,yfeK
3514,b2939,yqgB
3515,b2968,yghD
3516,b3570,bax
3517,b4371,rsmC
3518,b4313,fimE
3519,b3139,agaC
3520,b1301,puuB
3521,b3649,rpoZ
3522,b1711,btuC
3523,b0677,nagA
3524,b2321,flk
3525,b1754,ynjB
3526,b2251,nudI
3527,b1873,torY
3528,b0117,yacH
3529,b3347,fkpA
3530,b2022,hisB
3531,b1349,recT
3532,b4466,yghJ
3533,b0081,mraZ
3534,b2578,eamB
3535,b2604,dgcN
3536,b1963,yedR
3537,b3398,igaA
3538,b2439,eutL
3539,b1080,flgI
3540,b1949,fliQ
3541,b0676,nagC
3542,b0025,ribF
3543,b1327,ycjY
3544,b3946,fsaB
3545,b4716,cpxQ
3546,b4153,frdB
3547,b3985,rplJ
3548,b4509,ylcG
3549,b2025,hisF
3550,b2766,ygcN
3551,b3154,yhbP
3552,b3238,yhcN
3553,b0534,sfmF
3554,b4353,yjiX
3555,b2383,fryA
3556,b0035,caiE
3557,b1473,yddG
3558,b1764,selD
3559,b2048,cpsG
3560,b3223,nanE
3561,b3684,yidP
3562,b2548,yphF
3563,b1134,nudJ
3564,b2729,hypD
3565,b4208,cycA
3566,b3775,ppiC
3567,b2026,hisI
3568,b0256,insI-1
3569,b2928,yggC
3570,b1070,flgN
3571,b3219,yhcF
3572,b2275,yfbP
3573,b1798,leuE
3574,b3251,mreB
3575,b3072,aer
3576,b2453,eutG
3577,b2859,ygeO
3578,b2217,rcsB
3579,b0415,ribE
3580,b4238,nrdD
3581,b1382,ynbE
3582,b3080,ygjK
3583,b1474,fdnG
3584,b3312,rpmC
3585,b4255,rraB
3586,b0545,ybcL
3587,b4465,yggP
3588,b2024,hisA
3589,b3382,yhfY
3590,b4320,fimH
3591,b2559,tadA
3592,b3517,gadA
3593,b0494,tesA
3594,b0129,yadI
3595,b0875,aqpZ
3596,b2052,fcl
3597,b0099,mutT
3598,b2459,eutT
3599,b3516,gadX
3600,b3589,yiaY
3601,b2994,hybC
3602,b0830,gsiB
3603,b1958,yedI
3604,b0717,ybgP
3605,b2020,hisD
3606,b4248,yjgH
3607,b1923,fliC
3608,b2549,yphG
3609,b0851,nfsA
3610,b3325,gspD
3611,b1333,uspE
3612,b1137,ymfD
3613,b1126,potA
3614,b1883,cheB
3615,b0844,ybjI
3616,b2053,gmd
3617,b1541,ydfZ
3618,b1378,ydbK
3619,b3115,tdcD
3620,b1345,intR
3621,b4074,nrfE
3622,b3307,rpsN
3623,b2023,hisH
3624,b1058,yceO
3625,b3482,rhsB
3626,b4190,yjfP
3627,b0938,elfA
3628,b1019,efeB
3629,b1822,rlmA
3630,b2440,eutC
3631,b3140,agaD
3632,b0590,fepD
3633,b2376,ypdI
3634,b3060,ttdR
3635,b3358,yhfK
3636,b3476,nikA
3637,b1679,sufE
3638,b2280,nuoJ
3639,b4288,fecD
3640,b2018,hisL
3641,b2605,yfiB
3642,b0215,dnaQ
3643,b1370,insH-5
3644,b3832,rmuC
3645,b0853,ybjN
3646,b2844,yqeF
3647,b1532,marB
3648,b1925,fliS
3649,b3041,ribB
3650,b1385,feaB
3651,b3633,waaA
3652,b1886,tar
3653,b2485,hyfE
3654,b1683,sufB
3655,b1752,ydjZ
3656,b0452,tesB
3657,b0455,ffs
3658,b1556,essQ
3659,b3101,yqjF
3660,b2021,hisC
3661,b0210,yafE
3662,b4011,yjaA
3663,b4315,fimI
3664,b4057,yjbR
3665,b0948,rlmL
3666,b1123,potD
3667,b0441,ppiD
3668,b0196,rcsF
3669,b3683,glvC
3670,b1102,fhuE
3671,b0487,cueR
3672,b2241,glpA
3673,b1516,lsrB
3674,b0427,yajR
3675,b2468,aegA
3676,b0424,yajL
3677,b2006,yeeW
3678,b3483,yhhH
3679,b3896,yiiG
3680,b1074,flgC
3681,b2019,hisG
3682,b2971,yghG
3683,b0491,fetB
3684,b0366,tauB
3685,b3860,dsbA
3686,b2121,yehP
3687,b3807,cyaY
3688,b2028,ugd
3689,b0414,ribD
3690,b1957,yodC
3691,b1224,narG
3692,b1412,azoR
3693,b2442,intZ
3694,b3968,rrsB
3695,b3509,hdeB
3696,b0071,leuD
3697,b1864,yebC
3698,b0943,ycbV
3699,b2118,yehI
3700,b2765,queD
3701,b1414,ydcF
3702,b4302,sgcA
3703,b0854,potF
3704,b0752,zitB
3705,b3788,rffG
3706,b2528,iscA
3707,b1320,ycjW
3708,b1920,tcyJ
3709,b4243,ridA
3710,b2482,hyfB
3711,b0695,kdpD
3712,b2631,rnlB
3713,b1243,oppA
3714,b3460,livJ
3715,b2141,yohJ
3716,b2063,yegH
3717,b3216,yhcD
3718,b1946,fliN
3719,b1298,puuD
3720,b3535,yhjR
3721,b1879,flhA
3722,b1438,hicB
3723,b1662,ribC
3724,b3561,wecH
3725,b1682,sufC
3726,b2274,yfbO
3727,b3248,yhdE
3728,b2990,hybG
3729,b3231,rplM
3730,b0889,lrp
3731,b3376,yhfS
3732,b1597,asr
3733,b2660,lhgO
3734,b4105,phnD
3735,b2826,ppdA
3736,b2244,rpnE
3737,b3899,frvB
3738,b3706,mnmE
3739,b0857,potI
3740,b0047,kefC
3741,b0585,fes
3742,b3632,waaQ
3743,b2157,yeiE
3744,b3200,lptA
3745,b0485,glsA
3746,b3605,lldD
3747,b1311,ycjO
3748,b2526,hscA
3749,b0075,leuL
3750,b3717,cbrC
3751,b3537,bcsF
3752,b4512,ybdD
3753,b1083,flgL
3754,b2438,eutK
3755,b4204,yjfZ
3756,b1823,cspC
3757,b1882,cheY
3758,b3812,yigB
3759,b3791,wecE
3760,b0812,dps
3761,b2545,yphC
3762,b2086,yegS
3763,b2276,nuoN
3764,b1089,rpmF
3765,b0584,fepA
3766,b0073,leuB
3767,b3810,yigA
3768,b3511,hdeD
3769,b4685,yrbN
3770,b1504,ydeS
3771,b0468,ybaN
3772,b2575,yfiC
3773,b1312,ycjP
3774,b3138,agaB
3775,b2527,hscB
3776,b0571,cusR
3777,b0368,tauD
3778,b3627,waaO
3779,b3665,adeD
3780,b2488,hyfH
3781,b1600,mdtJ
3782,b0289,ecpE
3783,b0076,leuO
3784,b3505,insH-11
3785,b4717,micL
3786,b4305,sgcX
3787,b1077,flgF
3788,b2471,yffB
3789,b3660,yicL
3790,b1947,fliO
3791,b2452,eutH
3792,b1895,uspC
3793,b1681,sufD
3794,b3625,waaY
3795,b1277,ribA
3796,b2834,tas
3797,b0837,yliI
3798,b3311,rpsQ
3799,b0796,cecR
3800,b0074,leuA
3801,b4176,yjeT
3802,b1953,yodD
3803,b0448,mdlA
3804,b3949,frwC
3805,b1344,ttcA
3806,b1605,ydgI
3807,b0679,nagE
3808,b3414,nfuA
3809,b2038,rfbC
3810,b1341,dgcM
3811,b2247,rhmD
3812,b1226,narJ
3813,b4399,creC
3814,b1967,hchA
3815,b0072,leuC
3816,b0228,rayT
3817,b4554,yibT
3818,b0325,yahK
3819,b1956,dgcQ
3820,b0831,gsiC
3821,b0012,mbiA
3822,b2441,eutB
3823,b1218,chaC
3824,b2951,yggS
3825,b1684,sufA
3826,b3787,wecC
3827,b0775,bioB
3828,b3833,ubiE
3829,b3885,yihX
3830,b3759,rrfC
3831,b1994,insH-6
3832,b3458,livK
3833,b0817,mntR
3834,b4269,ahr
3835,b3029,ygiN
3836,b0648,ybeU
3837,b3927,glpF
3838,b2812,tcdA
3839,b4721,ytiD
3840,b2455,eutE
3841,b1129,phoQ
3842,b4565,sgcB
3843,b2214,ftp
3844,b3620,waaF
3845,b1789,yeaL
3846,b3982,nusG
3847,b3892,fdoI
3848,b0473,htpG
3849,b1761,gdhA
3850,b4272,insC-6
3851,b4621,yjbS
3852,b0916,ycaQ
3853,b2298,yfcC
3854,b0498,ybbC
3855,b2305,rpnB
3856,b1025,dgcT
3857,b3211,yhcC
3858,b2204,napH
3859,b0179,lpxD
3860,b2550,yphH
3861,b2461,eutP
3862,b4189,bsmA
3863,b0655,gltI
3864,b4007,rrsE
3865,b1168,pdeG
3866,b3465,rsmD
3867,b0631,ybeD
3868,b0011,yaaW
3869,b0770,ybhI
3870,b1982,amn
3871,b4658,yghX
3872,b0776,bioF
3873,b2387,fryB
3874,b1124,potC
3875,b2208,napF
3876,b3630,waaP
3877,b1791,nimT
3878,b3363,ppiA
3879,b3116,tdcC
3880,b2508,guaB
3881,b0652,gltL
3882,b3872,yihL
3883,b0264,insB-2
3884,b1520,yneE
3885,b3331,gspJ
3886,b4728,yadW
3887,b3527,yhjJ
3888,b0365,tauA
3889,b1892,flhD
3890,b0132,rpnC
3891,b0774,bioA
3892,b4182,yjfJ
3893,b1098,tmk
3894,b2030,insH-7
3895,b3790,rffC
3896,b1853,yebK
3897,b3162,deaD
3898,b3861,yihF
3899,b2260,menE
3900,b1753,ynjA
3901,b1275,cysB
3902,b4131,cadA
3903,b0019,nhaA
3904,b0082,rsmH
3905,b0488,ybbJ
3906,b3682,glvB
3907,b0037,caiC
3908,b1015,putP
3909,b2041,rfbB
3910,b0650,hscC
3911,b2493,yfgO
3912,b2997,hybO
3913,b2207,napD
3914,b2421,cysM
3915,b2143,cdd
3916,b1832,msrC
3917,b4745,yncO
3918,b2602,yfiL
3919,b4058,uvrA
3920,b1297,puuA
3921,b1922,fliA
3922,b3943,yijE
3923,b0778,bioD
3924,b2234,nrdA
3925,b3628,waaB
3926,b3313,rplP
3927,b2981,yghO
3928,b4068,yjcH
3929,b2270,yfbK
3930,b0902,pflA
3931,b2960,trmI
3932,b1493,gadB
3933,b0804,ybiX
3934,b2414,cysK
3935,b4195,ulaC
3936,b0856,potH
3937,b1607,ydgC
3938,b2395,pdeA
3939,b0159,mtn
3940,b3794,rffM
3941,b2246,yfaV
3942,b1422,ydcI
3943,b4526,ydaE
3944,b3002,yqhA
3945,b0492,cnoX
3946,b0275,insA-3
3947,b0973,hyaB
3948,b3607,cysE
3949,b4548,ypjJ
3950,b0874,lysO
3951,b2437,eutR
3952,b1073,flgB
3953,b2513,yfgM
3954,b2027,wzzB
3955,b1861,ruvA
3956,b3973,birA
3957,b2675,nrdE
3958,b3848,yigZ
3959,b3504,yhiS
3960,b0911,rpsA
3961,b1466,narW
3962,b3406,greB
3963,b1026,insF-4
3964,b0004,thrC
3965,b1826,mgrB
3966,b3487,yhiI
3967,b3856,mobB
3968,b0400,phoR
3969,b2833,ygdR
3970,b1269,rluB
3971,b0985,gfcC
3972,b2451,eutA
3973,b0681,chiP
3974,b3709,tnaB
3975,b0182,lpxB
3976,b4382,deoA
3977,b1969,hprR
3978,b2712,hypF
3979,b1609,rstB
3980,b0003,thrB
3981,b3800,aslB
3982,b2192,insH-8
3983,b0390,aroM
3984,b3377,yhfT
3985,b4615,yibV
3986,b1741,cho
3987,b1481,bdm
3988,b0320,yahF
3989,b0799,dinG
3990,b1593,ynfK
3991,b2064,asmA
3992,b2529,iscU
3993,b4177,purA
3994,b3598,yibI
3995,b3895,fdhD
3996,b1300,puuC
3997,b3296,rpsD
3998,b1450,mcbR
3999,b2861,insC-4
4000,b1801,yeaV
4001,b4385,yjjJ
4002,b3014,yqhH
4003,b3088,alx
4004,b2113,mrp
4005,b2454,eutJ
4006,b1409,ynbB
4007,b1807,tsaB
4008,b2512,bamB
4009,b4393,trpR
4010,b1319,ompG
4011,b4481,rffT
4012,b0337,codA
4013,b2869,ygeV
4014,b0723,sdhA
4015,b2786,barA
4016,b1261,trpB
4017,b0999,cbpM
4018,b0858,ybjO
4019,b2142,yohK
4020,b0707,ybgA
4021,b2521,sseA
4022,b0419,yajO
4023,b1488,ddpX
4024,b1945,fliM
4025,b4727,yacM
4026,b2039,rfbA
4027,b1281,pyrF
4028,b1848,yebG
4029,b0777,bioC
4030,b3492,yhiN
4031,b0430,cyoC
4032,b0023,rpsT
4033,b0412,yajI
4034,b3071,nfeR
4035,b1264,trpE
4036,b3070,nfeF
4037,b3220,yhcG
4038,b3459,panZ
4039,b3875,ompL
4040,b1648,ydhL
4041,b3282,tsaC
4042,b4179,rnr
4043,b0945,pyrD
4044,b2231,gyrA
4045,b3621,waaC
4046,b0407,yajC
4047,b2065,dcd
4048,b0722,sdhD
4049,b2370,evgS
4050,b0604,dsbG
4051,b1704,aroH
4052,b1171,ymgD
4053,b3120,yhaB
4054,b0360,insC-1
4055,b1115,ycfT
4056,b4744,ynaM
4057,b1076,flgE
4058,b0060,polB
4059,b2668,ygaP
4060,b3412,bioH
4061,b3123,rnpB
4062,b3055,ygiM
4063,b3786,wecB
4064,b3640,dut
4065,b2133,dld
4066,b2127,mlrA
4067,b2588,rrfG
4068,b3045,insD-5
4069,b4673,ymjD
4070,b0152,fhuD
4071,b4047,yjbL
4072,b3442,yhhZ
4073,b1260,trpA
4074,b0739,tolA
4075,b2318,truA
4076,b1802,yeaW
4077,b0898,ycaD
4078,b2035,wbbH
4079,b3164,pnp
4080,b0929,ompF
4081,b3648,gmk
4082,b3783,rho
4083,b3143,yraI
4084,b2232,ubiG
4085,b1263,trpD
4086,b3710,mdtL
4087,b1432,insQ
4088,b3723,bglG
4089,b3003,yghA
4090,b0624,crcB
4091,b4743,ynaL
4092,b2630,rnlA
4093,b4618,tisB
4094,b1786,dgcJ
4095,b2983,yghQ
4096,b3742,mioC
4097,b2803,fucK
4098,b2066,udk
4099,b0096,lpxC
4100,b1109,ndh
4101,b4547,ypfN
4102,b0294,ecpR
4103,b3272,rrfF
4104,b4711,insH21
4105,b1265,trpL
4106,b4703,pmrR
4107,b4222,ytfP
4108,b4290,fecB
4109,b0345,lacI
4110,b2536,hcaT
4111,b3166,truB
4112,b2567,rnc
4113,b4140,fxsA
4114,b3631,waaG
4115,b1817,manX
4116,b3035,tolC
4117,b0474,adk
4118,b1274,topA
4119,b3876,yihO
4120,b0431,cyoB
4121,b2110,yehC
4122,b0373,insE-2
4123,b1262,trpC
4124,b1668,ydhS
4125,b4332,yjiJ
4126,b1188,ycgB
4127,b2415,ptsH
4128,b3011,yqhD
4129,b0319,yahE
4130,b1890,motA
4131,b3996,nudC
4132,b0214,rnhA
4133,b3229,sspA
4134,b4059,ssb
4135,b3789,rffH
4136,b3669,uhpA
4137,b2507,guaA
4138,b4612,yrhD
4139,b0721,sdhC
4140,b3984,rplA
4141,b1403,insC-2
4142,b1649,nemR
4143,b0588,fepC
4144,b3688,yidQ
4145,b0591,entS
4146,b3772,ilvA
4147,b0904,focA
4148,b4022,rluF
4149,b2384,ypdE
4150,b2867,xdhB
4151,b3720,bglH
4152,b3643,rph
4153,b3823,rhtC
4154,b3681,glvG
4155,b2040,rfbD
4156,b0629,ybeF
4157,b0428,cyoE
4158,b2162,rihB
4159,b2195,ccmG
4160,b3445,insB-6
4161,b1776,ydjL
4162,b3766,ilvL
4163,b2524,iscX
4164,b3999,yjaG
4165,b4085,alsE
4166,b1959,yedA
4167,b4706,iroK
4168,b0848,ybjM
4169,b2866,xdhA
4170,b1939,fliG
4171,b1061,dinI
4172,b2573,rpoE
4173,b3629,waaS
4174,b1286,rnb
4175,b3568,xylH
4176,b4726,yabR
4177,b0469,apt
4178,b0239,frsA
4179,b4212,ytfH
4180,b3771,ilvD
4181,b0251,yafY
4182,b3091,uxaA
4183,b2606,rplS
4184,b0490,fetA
4185,b0385,dgcC
4186,b2135,yohC
4187,b1871,cmoB
4188,b2881,xdhD
4189,b2737,ygbK
4190,b1024,pgaA
4191,b4111,proP
4192,b3566,xylF
4193,b2268,rbn
4194,b4040,ubiA
4195,b2518,ndk
4196,b1954,dsrA
4197,b0944,ycbF
4198,b4240,treB
4199,b2071,yegJ
4200,b0022,insA-1
4201,b1977,asnT
4202,b1315,ycjS
4203,b2410,yfeH
4204,b4374,yjjG
4205,b3554,yiaF
4206,b0077,ilvI
4207,b4583,phnE
4208,b1167,ymgC
4209,b0303,rclB
4210,b1079,flgH
4211,b1183,umuD
4212,b3995,rsd
4213,b0611,rna
4214,b0181,lpxA
4215,b1800,dmlA
4216,b0030,rihC
4217,b4742,ymjE
4218,b3341,rpsG
4219,b3181,greA
4220,b1894,insA-5
4221,b0432,cyoA
4222,b3773,ilvY
4223,b0532,sfmD
4224,b1902,ftnB
4225,b1110,ycfJ
4226,b3371,frlB
4227,b2560,pgpC
4228,b3345,tusD
4229,b2868,xdhC
4230,b1451,yncD
4231,b2900,yqfB
4232,b3754,hsrA
4233,b1084,rne
4234,b4163,glyV
4235,b0125,hpt
4236,b0724,sdhB
4237,b3473,yhhS
4238,b2702,srlA
4239,b3558,insK
4240,b2347,yfdC
4241,b3626,waaJ
4242,b3774,ilvC
4243,b1035,ycdY
4244,b4518,ymdF
4245,b2296,ackA
4246,b3324,gspC
4247,b1178,pliG
4248,b1428,ydcK
4249,b3022,mqsR
4250,b1951,rcsA
4251,b4347,symE
4252,b3461,rpoH
4253,b3704,rnpA
4254,b1736,chbA
4255,b3934,cytR
4256,b4606,ypfM
4257,b0429,cyoD
4258,b2597,raiA
4259,b0623,cspE
4260,b0078,ilvH
4261,b0834,dgcI
4262,b0151,fhuC
4263,b4704,arrS
4264,b2805,fucR
4265,b3593,rhsA
4266,b0143,pcnB
4267,b3824,rhtB
4268,b3877,yihP
4269,b3623,waaU
4270,b2215,ompC
4271,b1652,rnt
4272,b0910,cmk
4273,b4209,ytfE
4274,b1909,leuZ
4275,b0116,lpd
4276,b1859,znuB
4277,b2311,ubiX
4278,b0656,insH-3
4279,b2659,csiD
4280,b3670,ilvN
4281,b3236,mdh
4282,b3685,yidE
4283,b2520,yfhM
4284,b3813,uvrD
4285,b3751,rbsB
4286,b1266,yciV
4287,b3067,rpoD
4288,b1888,cheA
4289,b2407,xapA
4290,b1647,ydhF
4291,b3426,glpD
4292,b3784,rfe
4293,b0483,ybaQ
4294,b1997,insC-3
4295,b0317,yahC
4296,b3970,rrlB
4297,b3671,ilvB
4298,b1036,ycdZ
4299,b4291,fecA
4300,b3666,uhpT
4301,b4595,yciY
4302,b1256,ompW
4303,b3099,yqjE
4304,b2183,rsuA
4305,b3780,rhlB
4306,b2196,ccmF
4307,b3624,waaZ
4308,b4381,deoC
4309,b4114,eptA
4310,b1975,serU
4311,b0112,aroP
4312,b3571,malS
4313,b3672,ivbL
4314,b3349,slyD
4315,b4278,insG
4316,b0387,yaiI
4317,b3880,yihS
4318,b2907,ubiH
4319,b0308,ykgG
4320,b2184,radD
4321,b1774,ydjJ
4322,b0162,cdaR
4323,b0685,ybfE
4324,b3603,lldP
4325,b1804,rnd
4326,b3835,ubiB
4327,b0843,ybjH
4328,b1790,nimR
4329,b1885,tap
4330,b2498,upp
4331,b3769,ilvM
4332,b1449,curA
4333,b3185,rpmA
4334,b1905,ftnA
4335,b0718,ybgQ
4336,b2836,aas
4337,b3582,sgbU
4338,b0444,queC
4339,b1765,ydjA
4340,b0183,rnhB
4341,b2828,lgt
4342,b3127,garP
4343,b3604,lldR
4344,b0160,dgt
4345,b0283,paoD
4346,b1377,ompN
4347,b0274,insB-3
4348,b0940,elfC
4349,b4265,idnT
4350,b0523,purE
4351,b2402,valX
4352,b0186,ldcC
4353,b3013,yqhG
4354,b2062,wza
4355,b2954,rdgB
4356,b4043,lexA
4357,b4396,rob
4358,b2016,yeeZ
4359,b1165,ymgA
4360,b3319,rplD
4361,b1389,paaB
4362,b1851,edd
4363,b4357,lgoR
4364,b3283,yrdD
4365,b0988,insB-4
4366,b0522,purK
4367,b1688,ydiK
4368,b0178,skp
4369,b1202,ycgV
4370,b4287,fecE
4371,b1623,add
4372,b2011,sbcB
4373,b2429,murP
4374,b3698,yidB
4375,b2474,tmcA
4376,b2721,hycE
4377,b2089,insF-5
4378,b2500,purN
4379,b0238,gpt
4380,b3267,yhdV
4381,b0175,cdsA
4382,b4235,pmbA
4383,b1769,ydjE
4384,b1582,ynfA
4385,b3327,gspF
4386,b4479,dgoR
4387,b2538,hcaE
4388,b3760,aspT
4389,b0241,phoE
4390,b1913,uvrC
4391,b2345,yfdF
4392,b0398,sbcD
4393,b4458,oxyS
4394,b4597,rydC
4395,b3702,dnaA
4396,b0063,araB
4397,b1420,mokB
4398,b2698,recX
4399,b1238,tdk
4400,b4158,yjeO
4401,b3318,rplW
4402,b1241,adhE
4403,b3169,nusA
4404,b2860,insD-4
4405,b1811,yoaH
4406,b0592,fepB
4407,b1849,purT
4408,b0053,surA
4409,b1780,yeaD
4410,b2856,ygeL
4411,b2049,cpsB
4412,b4345,mcrC
4413,b0155,clcA
4414,b4279,yjhB
4415,b4180,rlmB
4416,b4165,glyY
4417,b0757,galK
4418,b4234,yjgA
4419,b4294,insA-7
4420,b0049,apaH
4421,b2718,hycH
4422,b4005,purD
4423,b1000,cbpA
4424,b3089,sstT
4425,b2199,ccmC
4426,b1620,malI
4427,b2223,atoE
4428,b1573,ydfC
4429,b2616,recN
4430,b0050,apaG
4431,b2822,recC
4432,b0683,fur
4433,b4282,yjhE
4434,b4462,ygaQ
4435,b1874,cutC
4436,b0301,rclC
4437,b2970,yghF
4438,b4556,ysdC
4439,b4236,cybC
4440,b4573,insZ
4441,b4632,ylbI
4442,b1437,b1437
4443,b4653,yicT
4444,b0079,fruL
4445,b4250,b4250
4446,b4503,yafF
4447,b3595,yibJ
4448,b2650,ypjC
4449,b2855,ygeK
4450,b0539,exoD
4451,b4648,ysaC
4452,b0701,b0701
4453,b3534,bcsQ
4454,b4571,wbbL
4455,b0230,lafU
4456,b4640,yoeG
4457,b4552,yrhC
4458,b4579,yaiX
4459,b0542,renD
4460,b2238,yfaH
4461,b4038,yjbI
4462,b0297,eaeH
4463,b4448,sraF
4464,b4607,ryfB
4465,b4492,ydbA
4466,b4274,yjgW
4467,b4591,ybhU
4468,b4634,aaaD
4469,b2083,yegZ
4470,b0725,b0725
4471,b1470,yddJ
4472,b4708,insI2
4473,b4575,yjgX
4474,b4491,ycgH
4475,b4628,ykfK
4476,b4647,mokA
4477,b1157,stfE
4478,b4281,yjhD
4479,b4641,yoeH
4480,b0499,ylbH
4481,b4505,insX
4482,b2969,yghE
4483,b4434,isrB
4484,b4633,xisD
4485,b0609,b0609
4486,b0370,ykiB
4487,b4617,tisA
4488,b1052,b1052
4489,b0309,b0309
4490,b0105,b0105
4491,b0816,yliL
4492,b0165,b0165
4493,b4652,yibU
4494,b3046,yqiG
4495,b1005,ycdF
4496,b0236,prfH
4497,b4697,yrdF
4498,b2854,pbl
4499,b0553,nmpC
4500,b1999,yeeP
4501,b1152,jayE
4502,b4496,yedS
4503,b4623,insO
4504,b0229,lfhA
4505,b4494,arpB
4506,b0392,ykiA
4507,b2139,mdtQ
4508,b4543,ypaA
4509,b3007,b3007
4510,b0538,b0538
4511,b0017,b0017
4512,b0100,b0100
4513,b3004,b3004
4514,b1367,b1367
4515,b2651,b2651
4516,b1354,b1354
4517,b2596,b2596
4518,b1364,b1364
4519,b4247,b4247
4520,b2084,b2084
4521,b3254,b3254
4522,b2191,b2191
4523,b3268,yhdW
4524,b4205,ytfA
4525,b4576,insB-7
4526,b1459,yncI
4527,b4497,yeeL
4528,b2648,pinH
4529,b4660,yhiL
4530,b1936,intG
4531,b4646,yrdE
4532,b4642,yoeD
4533,b4627,ykfL
4534,b4486,yjiV
4535,b2915,yqfE
4536,b4500,yfaS
4537,b4493,gapC
4538,b3777,yifN
4539,b3975,b3975
4540,b1903,b1903
4541,b4630,ykgP
4542,b2653,b2653
4543,b1425,b1425
4544,b4657,yjhZ
4545,b4651,yibW
4546,b4519,icdC
4547,b4614,sokA
4548,b3135,agaA
4549,b1028,ymdE
4550,b1577,ydfE
4551,b4488,ilvG
4552,b4286,yjhV
4553,b0218,yafU
4554,b1456,rhsE
4555,b4645,psaA
4556,b0300,ykgA
4557,b4696,yneO
4558,b4650,yibS
4559,b4643,pawZ
4560,b4661,yfcU
4561,b4582,yoeA
4562,b4508,peaD
4563,b2641,yfjV
4564,b4271,intB
4565,b1362,rzpR
4566,b1579,intQ
4567,b4626,ykfN
4568,b2681,ygaY
4569,b4495,yedN
4570,b4656,yjhY
4571,b4580,yaiT
4572,b4693,aaaE
4573,b4587,insN
4574,b4638,ttcC
4575,b2092,gatC
4576,b0691,ybfG
4577,b4644,ypjI
4578,b2862,ygeP
4579,b4521,ycgI
4580,b3443,yrhA
4581,b2190,yejO
4582,b1318,ycjV
4583,b0263,afuB
4584,b0705,ybfL
4585,b4636,ybfI
4586,b2850,ygeF
4587,b4561,insM
4588,b4578,yncK
4589,b2355,yfdL
4590,b4654,yjdQ
4591,b0562,ybcY
4592,b2858,ygeN
4593,b3423,glpR
4594,b1578,insD-7
4595,b4498,gatR
4596,b0703,ybfO
4597,b4649,ysaD
4598,b4499,yehH
4599,b0235,ykfJ
4600,b4524,ymjB
4601,b4308,yjhR
4602,b4631,ykgQ
