,locus_tag,annotation_quality
0,b0001,high
1,b0002,high
2,b0003,high
3,b0004,high
4,b0005,low
5,b0006,low
6,b0007,low
7,b0008,high
8,b0009,high
9,b0010,high
10,b0011,low
11,b0012,low
12,b0013,low
13,b0014,high
14,b0015,high
15,b0016,high
16,b0017,excluded
17,b0018,low
18,b0019,high
19,b0020,high
20,b0021,high
21,b0022,high
22,b0023,high
23,b0024,low
24,b0025,high
25,b0026,high
26,b0027,high
27,b0028,high
28,b0029,high
29,b0030,high
30,b0031,high
31,b0032,high
32,b0033,high
33,b0034,high
34,b0035,low
35,b0036,high
36,b0037,high
37,b0038,high
38,b0039,high
39,b0040,high
40,b0041,low
41,b0042,low
42,b0043,low
43,b0044,low
44,b0045,low
45,b0046,high
46,b0047,high
47,b0048,high
48,b0049,high
49,b0050,low
50,b0051,high
51,b0052,high
52,b0053,high
53,b0054,high
54,b0055,high
55,b0056,low
56,b0057,low
57,b0058,high
58,b0059,high
59,b0060,high
60,b0061,high
61,b0062,high
62,b0063,high
63,b0064,high
64,b0065,low
65,b0066,high
66,b0067,high
67,b0068,high
68,b0069,high
69,b0070,high
70,b0071,high
71,b0072,high
72,b0073,high
73,b0074,high
74,b0075,low
75,b0076,high
76,b0077,high
77,b0078,high
78,b0079,excluded
79,b0080,high
80,b0081,high
81,b0082,high
82,b0083,high
83,b0084,high
84,b0085,high
85,b0086,high
86,b0087,high
87,b0088,high
88,b0089,high
89,b0090,high
90,b0091,high
91,b0092,high
92,b0093,high
93,b0094,high
94,b0095,high
95,b0096,high
96,b0097,high
97,b0098,high
98,b0099,high
99,b0100,excluded
100,b0101,high
101,b0102,high
102,b0103,high
103,b0104,high
104,b0105,excluded
105,b0106,low
106,b0107,low
107,b0108,low
108,b0109,high
109,b0110,high
110,b0111,low
111,b0112,high
112,b0113,high
113,b0114,high
114,b0115,high
115,b0116,high
116,b0117,low
117,b0118,high
118,b0119,low
119,b0120,high
120,b0121,high
121,b0122,low
122,b0123,high
123,b0124,high
124,b0125,high
125,b0126,high
126,b0127,low
127,b0128,low
128,b0129,low
129,b0130,low
130,b0131,high
131,b0132,low
132,b0133,high
133,b0134,high
134,b0135,low
135,b0136,low
136,b0137,low
137,b0138,low
138,b0139,low
139,b0140,low
140,b0141,low
141,b0142,high
142,b0143,high
143,b0144,high
144,b0145,high
145,b0146,low
146,b0147,high
147,b0148,low
148,b0149,high
149,b0150,high
150,b0151,high
151,b0152,high
152,b0153,high
153,b0154,high
154,b0155,high
155,b0156,high
156,b0157,low
157,b0158,high
158,b0159,high
159,b0160,high
160,b0161,high
161,b0162,high
162,b0163,low
163,b0164,high
164,b0165,excluded
165,b0166,high
166,b0167,high
167,b0168,high
168,b0169,high
169,b0170,high
170,b0171,high
171,b0172,high
172,b0173,high
173,b0174,high
174,b0175,high
175,b0176,high
176,b0177,high
177,b0178,high
178,b0179,high
179,b0180,high
180,b0181,high
181,b0182,high
182,b0183,high
183,b0184,high
184,b0185,high
185,b0186,high
186,b0187,low
187,b0188,high
188,b0189,low
189,b0190,low
190,b0191,high
191,b0192,high
192,b0193,low
193,b0194,high
194,b0195,high
195,b0196,high
196,b0197,high
197,b0198,high
198,b0199,high
199,b0200,high
200,b0201,high
201,b0202,high
202,b0203,high
203,b0204,high
204,b0205,high
205,b0206,high
206,b0207,high
207,b0208,low
208,b0209,low
209,b0210,low
210,b0211,high
211,b0212,high
212,b0213,low
213,b0214,high
214,b0215,high
215,b0216,high
216,b0217,low
217,b0218,excluded
218,b0219,high
219,b0220,high
220,b0221,high
221,b0222,high
222,b0223,low
223,b0224,low
224,b0225,high
225,b0226,high
226,b0227,low
227,b0228,high
228,b0229,excluded
229,b0230,excluded
230,b0231,high
231,b0232,high
232,b0233,high
233,b0234,low
234,b0235,excluded
235,b0236,excluded
236,b0237,high
237,b0238,high
238,b0239,high
239,b0240,high
240,b0241,high
241,b0242,high
242,b0243,high
243,b0244,high
244,b0245,low
245,b0246,high
246,b0247,low
247,b0248,low
248,b0249,low
249,b0250,low
250,b0251,low
251,b0252,low
252,b0253,low
253,b0254,low
254,b0255,low
255,b0256,high
256,b0257,low
257,b0258,excluded
258,b0259,high
259,b0260,high
260,b0261,high
261,b0262,low
262,b0263,excluded
263,b0264,high
264,b0265,high
265,b0266,excluded
266,b0267,low
267,b0268,high
268,b0269,high
269,b0270,low
270,b0271,low
271,b0272,high
272,b0273,high
273,b0274,high
274,b0275,high
275,b0276,excluded
276,b0277,low
277,b0278,low
278,b0279,low
279,b0280,low
280,b0281,low
281,b0282,low
282,b0283,high
283,b0284,high
284,b0285,high
285,b0286,high
286,b0287,low
287,b0288,low
288,b0289,low
289,b0290,low
290,b0291,low
291,b0292,low
292,b0293,low
293,b0294,high
294,b0295,low
295,b0296,low
296,b0297,excluded
297,b0298,high
298,b0299,high
299,b0300,excluded
300,b0301,low
301,b0303,low
302,b0304,low
303,b0305,high
304,b0306,low
305,b0307,low
306,b0308,low
307,b0309,excluded
308,b0310,low
309,b0311,high
310,b0312,high
311,b0313,high
312,b0314,high
313,b0315,high
314,b0316,low
315,b0317,low
316,b0318,low
317,b0319,low
318,b0320,low
319,b0321,low
320,b0322,low
321,b0323,low
322,b0324,low
323,b0325,high
324,b0326,low
325,b0327,low
326,b0328,low
327,b0329,low
328,b0330,high
329,b0331,high
330,b0333,high
331,b0334,high
332,b0335,high
333,b0336,high
334,b0337,high
335,b0338,high
336,b0339,high
337,b0340,high
338,b0341,low
339,b0342,high
340,b0343,high
341,b0344,high
342,b0345,high
343,b0346,high
344,b0347,high
345,b0348,high
346,b0349,high
347,b0350,high
348,b0351,high
349,b0352,high
350,b0353,high
351,b0354,low
352,b0355,high
353,b0356,high
354,b0357,high
355,b0358,low
356,b0360,high
357,b0361,high
358,b0363,low
359,b0364,low
360,b0365,high
361,b0366,high
362,b0367,high
363,b0368,high
364,b0369,high
365,b0370,excluded
366,b0372,high
367,b0373,high
368,b0375,low
369,b0376,high
370,b0377,high
371,b0378,high
372,b0379,low
373,b0380,low
374,b0381,high
375,b0382,high
376,b0383,high
377,b0384,low
378,b0385,high
379,b0386,high
380,b0387,low
381,b0388,high
382,b0389,low
383,b0390,low
384,b0391,high
385,b0392,excluded
386,b0393,high
387,b0394,high
388,b0396,low
389,b0397,high
390,b0398,high
391,b0399,high
392,b0400,high
393,b0401,high
394,b0402,low
395,b0403,high
396,b0404,high
397,b0405,high
398,b0406,high
399,b0407,high
400,b0408,high
401,b0409,high
402,b0410,low
403,b0411,high
404,b0412,low
405,b0413,high
406,b0414,high
407,b0415,high
408,b0416,high
409,b0417,high
410,b0418,high
411,b0419,high
412,b0420,high
413,b0421,high
414,b0422,high
415,b0423,high
416,b0424,high
417,b0425,high
418,b0426,high
419,b0427,low
420,b0428,high
421,b0429,high
422,b0430,high
423,b0431,high
424,b0432,high
425,b0433,high
426,b0434,low
427,b0435,high
428,b0436,high
429,b0437,high
430,b0438,high
431,b0439,high
432,b0440,high
433,b0441,high
434,b0442,low
435,b0443,high
436,b0444,high
437,b0445,low
438,b0446,high
439,b0447,high
440,b0448,low
441,b0449,low
442,b0450,high
443,b0451,high
444,b0452,high
445,b0453,low
446,b0454,high
447,b0455,high
448,b0456,low
449,b0457,low
450,b0458,low
451,b0459,high
452,b0460,high
453,b0461,low
454,b0462,high
455,b0463,high
456,b0464,high
457,b0465,high
458,b0466,low
459,b0467,high
460,b0468,low
461,b0469,high
462,b0470,high
463,b0471,low
464,b0472,high
465,b0473,high
466,b0474,high
467,b0475,high
468,b0476,high
469,b0477,high
470,b0478,low
471,b0479,high
472,b0480,high
473,b0481,high
474,b0482,low
475,b0483,low
476,b0484,high
477,b0485,high
478,b0486,low
479,b0487,high
480,b0488,low
481,b0489,low
482,b0490,low
483,b0491,low
484,b0492,high
485,b0493,high
486,b0494,high
487,b0495,low
488,b0496,low
489,b0497,low
490,b0498,low
491,b0499,excluded
492,b0501,excluded
493,b0502,excluded
494,b0503,high
495,b0504,high
496,b0505,high
497,b0506,high
498,b0507,high
499,b0508,high
500,b0509,high
501,b0510,low
502,b0511,low
503,b0512,high
504,b0513,low
505,b0514,high
506,b0515,high
507,b0516,high
508,b0517,high
509,b0518,low
510,b0520,low
511,b0521,low
512,b0522,high
513,b0523,high
514,b0524,high
515,b0525,high
516,b0526,high
517,b0527,low
518,b0528,low
519,b0529,high
520,b0530,low
521,b0531,low
522,b0532,low
523,b0533,low
524,b0534,low
525,b0535,low
526,b0536,high
527,b0537,low
528,b0538,excluded
529,b0539,excluded
530,b0540,high
531,b0541,high
532,b0542,excluded
533,b0543,high
534,b0544,low
535,b0545,low
536,b0546,low
537,b0547,high
538,b0548,low
539,b0549,low
540,b0550,high
541,b0551,low
542,b0552,high
543,b0553,excluded
544,b0554,low
545,b0555,high
546,b0556,low
547,b0557,low
548,b0558,low
549,b0559,low
550,b0560,low
551,b0561,excluded
552,b0562,excluded
553,b0563,excluded
554,b0564,high
555,b0565,high
556,b0566,high
557,b0567,low
558,b0568,low
559,b0569,low
560,b0570,high
561,b0571,high
562,b0572,high
563,b0573,high
564,b0574,high
565,b0575,high
566,b0576,high
567,b0577,high
568,b0578,high
569,b0579,low
570,b0580,low
571,b0581,high
572,b0582,high
573,b0583,high
574,b0584,high
575,b0585,high
576,b0586,high
577,b0587,low
578,b0588,high
579,b0589,high
580,b0590,high
581,b0591,high
582,b0592,high
583,b0593,high
584,b0594,high
585,b0595,high
586,b0596,high
587,b0597,high
588,b0598,high
589,b0599,high
590,b0600,high
591,b0601,low
592,b0602,low
593,b0603,low
594,b0604,high
595,b0605,high
596,b0606,high
597,b0607,high
598,b0608,low
599,b0609,excluded
600,b0610,high
601,b0611,high
602,b0612,high
603,b0613,high
604,b0614,high
605,b0615,high
606,b0616,high
607,b0617,high
608,b0618,high
609,b0619,high
610,b0620,high
611,b0621,high
612,b0622,high
613,b0623,high
614,b0624,high
615,b0627,high
616,b0628,high
617,b0629,low
618,b0630,high
619,b0631,low
620,b0632,high
621,b0633,high
622,b0634,high
623,b0635,high
624,b0636,high
625,b0637,high
626,b0638,low
627,b0639,high
628,b0640,high
629,b0641,high
630,b0642,high
631,b0643,low
632,b0644,low
633,b0645,low
634,b0646,low
635,b0647,low
636,b0648,low
637,b0649,low
638,b0650,low
639,b0651,high
640,b0652,high
641,b0653,high
642,b0654,high
643,b0655,high
644,b0656,high
645,b0657,high
646,b0658,low
647,b0659,high
648,b0660,low
649,b0661,high
650,b0662,high
651,b0664,high
652,b0665,high
653,b0666,high
654,b0668,high
655,b0670,high
656,b0672,high
657,b0673,high
658,b0674,high
659,b0675,high
660,b0676,high
661,b0677,high
662,b0678,high
663,b0679,high
664,b0680,high
665,b0681,high
666,b0682,low
667,b0683,high
668,b0684,high
669,b0685,low
670,b0686,high
671,b0687,high
672,b0688,high
673,b0689,low
674,b0691,excluded
675,b0692,high
676,b0693,high
677,b0694,high
678,b0695,high
679,b0696,high
680,b0697,high
681,b0698,high
682,b0699,low
683,b0700,low
684,b0701,excluded
685,b0702,low
686,b0703,excluded
687,b0704,low
688,b0705,excluded
689,b0706,low
690,b0707,low
691,b0708,high
692,b0709,high
693,b0710,high
694,b0711,low
695,b0712,low
696,b0713,low
697,b0714,high
698,b0715,low
699,b0716,low
700,b0717,low
701,b0718,low
702,b0719,low
703,b0720,high
704,b0721,high
705,b0722,high
706,b0723,high
707,b0724,high
708,b0725,excluded
709,b0726,high
710,b0727,high
711,b0728,high
712,b0729,high
713,b0730,high
714,b0731,high
715,b0732,high
716,b0733,high
717,b0734,high
718,b0735,low
719,b0736,high
720,b0737,high
721,b0738,high
722,b0739,high
723,b0740,high
724,b0741,high
725,b0742,high
726,b0743,high
727,b0744,high
728,b0745,high
729,b0746,high
730,b0747,high
731,b0748,high
732,b0749,high
733,b0750,high
734,b0751,high
735,b0752,high
736,b0753,low
737,b0754,high
738,b0755,high
739,b0756,high
740,b0757,high
741,b0758,high
742,b0759,high
743,b0760,low
744,b0761,high
745,b0762,high
746,b0763,high
747,b0764,high
748,b0765,high
749,b0766,high
750,b0767,high
751,b0768,low
752,b0769,low
753,b0770,low
754,b0771,low
755,b0772,low
756,b0773,low
757,b0774,high
758,b0775,high
759,b0776,high
760,b0777,high
761,b0778,high
762,b0779,high
763,b0780,low
764,b0781,high
765,b0782,high
766,b0783,high
767,b0784,high
768,b0785,high
769,b0786,low
770,b0787,low
771,b0788,low
772,b0789,high
773,b0790,low
774,b0791,low
775,b0792,high
776,b0793,high
777,b0794,high
778,b0795,low
779,b0796,high
780,b0797,high
781,b0798,low
782,b0799,high
783,b0800,low
784,b0801,high
785,b0802,low
786,b0803,low
787,b0804,low
788,b0805,high
789,b0806,low
790,b0807,high
791,b0808,high
792,b0809,high
793,b0810,high
794,b0811,high
795,b0812,high
796,b0813,high
797,b0814,low
798,b0815,high
799,b0816,excluded
800,b0817,high
801,b0818,low
802,b0819,high
803,b0820,low
804,b0821,low
805,b0822,high
806,b0823,low
807,b0824,low
808,b0825,high
809,b0826,high
810,b0827,high
811,b0828,high
812,b0829,high
813,b0830,high
814,b0831,high
815,b0832,high
816,b0833,low
817,b0834,low
818,b0835,high
819,b0836,low
820,b0837,high
821,b0838,high
822,b0839,high
823,b0840,high
824,b0841,high
825,b0842,high
826,b0843,low
827,b0844,high
828,b0845,low
829,b0846,high
830,b0847,low
831,b0848,low
832,b0849,high
833,b0850,low
834,b0851,high
835,b0852,high
836,b0853,low
837,b0854,high
838,b0855,high
839,b0856,high
840,b0857,high
841,b0858,low
842,b0859,high
843,b0860,high
844,b0861,high
845,b0862,high
846,b0863,low
847,b0864,high
848,b0865,low
849,b0866,low
850,b0867,high
851,b0868,low
852,b0869,low
853,b0870,high
854,b0871,high
855,b0872,high
856,b0873,high
857,b0874,high
858,b0875,high
859,b0876,low
860,b0877,low
861,b0878,high
862,b0879,high
863,b0880,high
864,b0881,high
865,b0882,high
866,b0883,high
867,b0884,high
868,b0885,high
869,b0886,high
870,b0887,high
871,b0888,high
872,b0889,high
873,b0890,high
874,b0891,high
875,b0892,high
876,b0893,high
877,b0894,high
878,b0895,high
879,b0896,high
880,b0897,low
881,b0898,low
882,b0899,low
883,b0900,low
884,b0901,low
885,b0902,high
886,b0903,high
887,b0904,high
888,b0905,high
889,b0906,low
890,b0907,high
891,b0908,high
892,b0909,low
893,b0910,high
894,b0911,high
895,b0912,high
896,b0913,low
897,b0914,high
898,b0915,high
899,b0916,low
900,b0917,low
901,b0918,high
902,b0919,low
903,b0920,low
904,b0921,high
905,b0922,high
906,b0923,high
907,b0924,high
908,b0925,high
909,b0926,low
910,b0927,high
911,b0928,high
912,b0929,high
913,b0930,high
914,b0931,high
915,b0932,high
916,b0933,high
917,b0934,high
918,b0935,high
919,b0936,high
920,b0937,high
921,b0938,high
922,b0939,low
923,b0940,low
924,b0941,low
925,b0942,low
926,b0943,low
927,b0944,low
928,b0945,high
929,b0946,high
930,b0947,low
931,b0948,high
932,b0949,high
933,b0950,low
934,b0951,low
935,b0952,low
936,b0953,high
937,b0954,high
938,b0955,low
939,b0956,high
940,b0957,high
941,b0958,high
942,b0959,high
943,b0960,low
944,b0961,low
945,b0962,high
946,b0963,high
947,b0964,low
948,b0965,low
949,b0966,low
950,b0967,high
951,b0968,high
952,b0969,high
953,b0970,high
954,b0971,high
955,b0972,high
956,b0973,high
957,b0974,high
958,b0975,low
959,b0976,low
960,b0977,low
961,b0978,high
962,b0979,high
963,b0980,high
964,b0981,high
965,b0982,high
966,b0983,low
967,b0984,low
968,b0985,low
969,b0986,low
970,b0987,low
971,b0988,high
972,b0989,low
973,b0990,low
974,b0991,low
975,b0992,low
976,b0993,high
977,b0994,high
978,b0995,high
979,b0996,high
980,b0997,high
981,b0998,high
982,b0999,high
983,b1000,high
984,b1001,low
985,b1002,high
986,b1003,low
987,b1004,high
988,b1005,excluded
989,b1006,high
990,b1007,high
991,b1008,low
992,b1009,low
993,b1010,low
994,b1011,high
995,b1012,high
996,b1013,high
997,b1014,high
998,b1015,high
999,b1018,high
1000,b1019,high
1001,b1020,low
1002,b1021,high
1003,b1022,high
1004,b1023,high
1005,b1024,high
1006,b1025,high
1007,b1026,high
1008,b1027,high
1009,b1028,excluded
1010,b1029,low
1011,b1032,high
1012,b1033,high
1013,b1034,low
1014,b1035,high
1015,b1036,low
1016,b1037,high
1017,b1038,high
1018,b1039,high
1019,b1040,high
1020,b1041,high
1021,b1042,high
1022,b1043,low
1023,b1044,low
1024,b1045,high
1025,b1046,high
1026,b1047,high
1027,b1048,high
1028,b1049,high
1029,b1050,low
1030,b1051,low
1031,b1052,excluded
1032,b1053,high
1033,b1054,high
1034,b1055,low
1035,b1056,low
1036,b1057,low
1037,b1058,low
1038,b1059,high
1039,b1060,low
1040,b1061,low
1041,b1062,high
1042,b1063,low
1043,b1064,high
1044,b1065,high
1045,b1066,high
1046,b1067,low
1047,b1068,low
1048,b1069,high
1049,b1070,low
1050,b1071,high
1051,b1072,low
1052,b1073,high
1053,b1074,high
1054,b1075,low
1055,b1076,high
1056,b1077,high
1057,b1078,high
1058,b1079,high
1059,b1080,high
1060,b1081,low
1061,b1082,high
1062,b1083,high
1063,b1084,high
1064,b1085,low
1065,b1086,high
1066,b1087,high
1067,b1088,low
1068,b1089,high
1069,b1090,low
1070,b1091,high
1071,b1092,high
1072,b1093,high
1073,b1094,high
1074,b1095,high
1075,b1096,high
1076,b1097,high
1077,b1098,high
1078,b1099,high
1079,b1100,low
1080,b1101,high
1081,b1102,high
1082,b1103,high
1083,b1104,low
1084,b1105,high
1085,b1106,high
1086,b1107,high
1087,b1108,low
1088,b1109,high
1089,b1110,low
1090,b1111,high
1091,b1112,high
1092,b1113,high
1093,b1114,high
1094,b1115,low
1095,b1116,high
1096,b1117,high
1097,b1118,high
1098,b1119,high
1099,b1120,high
1100,b1121,low
1101,b1122,low
1102,b1123,high
1103,b1124,high
1104,b1125,high
1105,b1126,high
1106,b1127,high
1107,b1128,high
1108,b1129,high
1109,b1130,high
1110,b1131,high
1111,b1132,high
1112,b1133,high
1113,b1134,high
1114,b1135,high
1115,b1136,high
1116,b1137,low
1117,b1138,low
1118,b1139,high
1119,b1140,low
1120,b1141,low
1121,b1142,low
1122,b1143,low
1123,b1144,low
1124,b1145,low
1125,b1146,low
1126,b1147,low
1127,b1148,low
1128,b1149,low
1129,b1150,low
1130,b1151,excluded
1131,b1152,excluded
1132,b1153,low
1133,b1154,low
1134,b1155,low
1135,b1156,low
1136,b1157,excluded
1137,b1158,high
1138,b1159,high
1139,b1160,high
1140,b1161,low
1141,b1162,high
1142,b1163,high
1143,b1164,low
1144,b1165,low
1145,b1166,low
1146,b1167,low
1147,b1168,low
1148,b1171,low
1149,b1172,low
1150,b1174,high
1151,b1175,high
1152,b1176,high
1153,b1177,low
1154,b1178,high
1155,b1179,low
1156,b1180,low
1157,b1181,low
1158,b1182,high
1159,b1183,high
1160,b1184,high
1161,b1185,high
1162,b1186,high
1163,b1187,high
1164,b1188,low
1165,b1189,high
1166,b1190,high
1167,b1191,low
1168,b1192,high
1169,b1193,high
1170,b1194,high
1171,b1195,low
1172,b1196,low
1173,b1197,high
1174,b1198,high
1175,b1199,high
1176,b1200,high
1177,b1201,high
1178,b1202,low
1179,b1203,high
1180,b1204,high
1181,b1205,low
1182,b1206,high
1183,b1207,high
1184,b1208,high
1185,b1209,high
1186,b1210,high
1187,b1211,high
1188,b1212,high
1189,b1213,low
1190,b1214,low
1191,b1215,high
1192,b1216,high
1193,b1217,low
1194,b1218,high
1195,b1219,low
1196,b1220,low
1197,b1221,high
1198,b1222,high
1199,b1223,high
1200,b1224,high
1201,b1225,high
1202,b1226,high
1203,b1227,high
1204,b1228,low
1205,b1229,low
1206,b1230,high
1207,b1231,high
1208,b1232,high
1209,b1233,low
1210,b1234,low
1211,b1235,high
1212,b1236,high
1213,b1237,high
1214,b1238,high
1215,b1241,high
1216,b1242,low
1217,b1243,high
1218,b1244,high
1219,b1245,high
1220,b1246,high
1221,b1247,high
1222,b1248,low
1223,b1249,high
1224,b1250,high
1225,b1251,low
1226,b1252,high
1227,b1253,high
1228,b1254,low
1229,b1255,low
1230,b1256,low
1231,b1257,low
1232,b1258,low
1233,b1259,low
1234,b1260,high
1235,b1261,high
1236,b1262,high
1237,b1263,high
1238,b1264,high
1239,b1265,high
1240,b1266,high
1241,b1267,low
1242,b1268,low
1243,b1269,high
1244,b1270,high
1245,b1271,low
1246,b1272,low
1247,b1273,low
1248,b1274,high
1249,b1275,high
1250,b1276,high
1251,b1277,high
1252,b1278,high
1253,b1279,high
1254,b1280,high
1255,b1281,high
1256,b1282,low
1257,b1283,low
1258,b1284,low
1259,b1285,high
1260,b1286,high
1261,b1287,low
1262,b1288,high
1263,b1289,low
1264,b1290,high
1265,b1291,high
1266,b1292,high
1267,b1293,high
1268,b1294,low
1269,b1295,low
1270,b1296,high
1271,b1297,high
1272,b1298,high
1273,b1299,high
1274,b1300,high
1275,b1301,high
1276,b1302,high
1277,b1303,high
1278,b1304,high
1279,b1305,high
1280,b1306,high
1281,b1307,low
1282,b1308,high
1283,b1309,high
1284,b1310,low
1285,b1311,low
1286,b1312,low
1287,b1313,low
1288,b1314,low
1289,b1315,low
1290,b1316,high
1291,b1317,high
1292,b1318,excluded
1293,b1319,high
1294,b1320,low
1295,b1321,low
1296,b1322,low
1297,b1323,high
1298,b1324,high
1299,b1325,high
1300,b1326,high
1301,b1327,low
1302,b1328,high
1303,b1329,high
1304,b1330,high
1305,b1331,high
1306,b1332,low
1307,b1333,low
1308,b1334,high
1309,b1335,high
1310,b1336,high
1311,b1337,high
1312,b1338,high
1313,b1339,low
1314,b1340,low
1315,b1341,high
1316,b1342,high
1317,b1343,high
1318,b1344,high
1319,b1345,low
1320,b1346,low
1321,b1347,low
1322,b1348,high
1323,b1349,high
1324,b1350,high
1325,b1351,low
1326,b1352,high
1327,b1353,low
1328,b1354,excluded
1329,b1355,low
1330,b1356,high
1331,b1357,low
1332,b1358,low
1333,b1359,low
1334,b1360,low
1335,b1361,excluded
1336,b1362,excluded
1337,b1363,high
1338,b1364,excluded
1339,b1365,low
1340,b1366,excluded
1341,b1367,excluded
1342,b1368,excluded
1343,b1370,high
1344,b1372,low
1345,b1373,low
1346,b1374,low
1347,b1375,low
1348,b1376,low
1349,b1377,high
1350,b1378,high
1351,b1379,low
1352,b1380,high
1353,b1381,low
1354,b1382,low
1355,b1383,low
1356,b1384,high
1357,b1385,high
1358,b1386,high
1359,b1387,high
1360,b1388,high
1361,b1389,low
1362,b1390,high
1363,b1391,low
1364,b1392,high
1365,b1393,high
1366,b1394,high
1367,b1395,high
1368,b1396,high
1369,b1397,high
1370,b1398,high
1371,b1399,high
1372,b1400,high
1373,b1402,high
1374,b1403,high
1375,b1404,high
1376,b1406,high
1377,b1407,low
1378,b1408,low
1379,b1409,low
1380,b1410,low
1381,b1411,low
1382,b1412,high
1383,b1413,high
1384,b1414,low
1385,b1415,high
1386,b1418,high
1387,b1419,low
1388,b1420,low
1389,b1421,high
1390,b1422,high
1391,b1423,low
1392,b1424,high
1393,b1425,excluded
1394,b1426,low
1395,b1427,high
1396,b1428,low
1397,b1429,high
1398,b1430,high
1399,b1431,low
1400,b1432,high
1401,b1433,low
1402,b1434,high
1403,b1435,high
1404,b1436,low
1405,b1437,excluded
1406,b1438,high
1407,b1439,low
1408,b1440,high
1409,b1441,low
1410,b1442,low
1411,b1443,low
1412,b1444,high
1413,b1445,low
1414,b1446,low
1415,b1447,low
1416,b1448,high
1417,b1449,high
1418,b1450,high
1419,b1451,low
1420,b1452,low
1421,b1453,low
1422,b1454,low
1423,b1455,low
1424,b1456,excluded
1425,b1457,low
1426,b1459,excluded
1427,b1460,low
1428,b1461,high
1429,b1462,low
1430,b1463,high
1431,b1464,low
1432,b1465,high
1433,b1466,low
1434,b1467,high
1435,b1468,high
1436,b1469,high
1437,b1470,excluded
1438,b1471,excluded
1439,b1472,excluded
1440,b1473,high
1441,b1474,high
1442,b1475,high
1443,b1476,high
1444,b1477,low
1445,b1478,high
1446,b1479,high
1447,b1480,high
1448,b1481,low
1449,b1482,high
1450,b1483,low
1451,b1484,low
1452,b1485,low
1453,b1486,low
1454,b1487,low
1455,b1488,high
1456,b1489,high
1457,b1490,high
1458,b1491,low
1459,b1492,high
1460,b1493,high
1461,b1494,low
1462,b1495,low
1463,b1496,low
1464,b1497,low
1465,b1498,low
1466,b1499,high
1467,b1500,high
1468,b1501,low
1469,b1502,low
1470,b1503,low
1471,b1504,low
1472,b1505,excluded
1473,b1506,excluded
1474,b1507,high
1475,b1508,high
1476,b1509,low
1477,b1510,low
1478,b1511,high
1479,b1512,high
1480,b1513,high
1481,b1514,high
1482,b1515,high
1483,b1516,high
1484,b1517,high
1485,b1518,high
1486,b1519,high
1487,b1520,low
1488,b1521,high
1489,b1522,low
1490,b1523,low
1491,b1524,high
1492,b1525,high
1493,b1526,low
1494,b1527,low
1495,b1528,high
1496,b1529,low
1497,b1530,high
1498,b1531,high
1499,b1532,low
1500,b1533,high
1501,b1534,low
1502,b1535,high
1503,b1536,low
1504,b1537,low
1505,b1538,high
1506,b1539,high
1507,b1540,high
1508,b1541,low
1509,b1542,low
1510,b1543,high
1511,b1544,low
1512,b1545,low
1513,b1546,low
1514,b1547,low
1515,b1548,excluded
1516,b1549,low
1517,b1550,low
1518,b1551,low
1519,b1552,low
1520,b1553,low
1521,b1554,low
1522,b1555,low
1523,b1556,low
1524,b1557,high
1525,b1558,low
1526,b1559,low
1527,b1560,low
1528,b1561,low
1529,b1562,high
1530,b1563,high
1531,b1564,high
1532,b1565,low
1533,b1566,low
1534,b1567,excluded
1535,b1568,excluded
1536,b1569,low
1537,b1570,high
1538,b1571,low
1539,b1572,low
1540,b1573,low
1541,b1574,high
1542,b1575,low
1543,b1576,low
1544,b1577,excluded
1545,b1578,high
1546,b1579,excluded
1547,b1580,low
1548,b1581,low
1549,b1582,low
1550,b1583,low
1551,b1584,high
1552,b1585,low
1553,b1586,low
1554,b1587,low
1555,b1588,low
1556,b1589,low
1557,b1590,high
1558,b1591,high
1559,b1592,low
1560,b1593,low
1561,b1594,high
1562,b1595,low
1563,b1596,low
1564,b1597,high
1565,b1598,low
1566,b1599,high
1567,b1600,high
1568,b1601,high
1569,b1602,high
1570,b1603,high
1571,b1604,low
1572,b1605,low
1573,b1606,high
1574,b1607,low
1575,b1608,high
1576,b1609,high
1577,b1610,high
1578,b1611,high
1579,b1612,high
1580,b1613,high
1581,b1614,low
1582,b1615,low
1583,b1616,high
1584,b1617,high
1585,b1618,high
1586,b1619,high
1587,b1620,high
1588,b1621,high
1589,b1622,high
1590,b1623,high
1591,b1624,low
1592,b1625,high
1593,b1626,low
1594,b1627,high
1595,b1628,low
1596,b1629,low
1597,b1630,low
1598,b1631,low
1599,b1632,high
1600,b1633,high
1601,b1634,high
1602,b1635,high
1603,b1636,high
1604,b1637,high
1605,b1638,high
1606,b1639,high
1607,b1640,high
1608,b1641,high
1609,b1642,high
1610,b1643,low
1611,b1644,low
1612,b1645,low
1613,b1646,high
1614,b1647,low
1615,b1648,low
1616,b1649,high
1617,b1650,high
1618,b1651,high
1619,b1652,high
1620,b1653,low
1621,b1654,high
1622,b1655,high
1623,b1656,high
1624,b1657,low
1625,b1658,high
1626,b1659,low
1627,b1660,low
1628,b1661,high
1629,b1662,high
1630,b1663,high
1631,b1664,low
1632,b1665,high
1633,b1666,high
1634,b1667,low
1635,b1668,low
1636,b1669,low
1637,b1670,low
1638,b1671,low
1639,b1672,low
1640,b1673,low
1641,b1674,low
1642,b1675,high
1643,b1676,high
1644,b1677,high
1645,b1678,high
1646,b1679,high
1647,b1680,high
1648,b1681,high
1649,b1682,high
1650,b1683,high
1651,b1684,high
1652,b1685,low
1653,b1686,high
1654,b1687,low
1655,b1688,low
1656,b1689,low
1657,b1690,low
1658,b1691,low
1659,b1692,high
1660,b1693,high
1661,b1694,low
1662,b1695,high
1663,b1696,low
1664,b1697,low
1665,b1698,low
1666,b1699,low
1667,b1700,low
1668,b1701,high
1669,b1702,high
1670,b1703,high
1671,b1704,high
1672,b1705,low
1673,b1706,low
1674,b1707,high
1675,b1708,low
1676,b1709,high
1677,b1710,high
1678,b1711,high
1679,b1712,high
1680,b1713,high
1681,b1714,high
1682,b1715,low
1683,b1716,high
1684,b1717,high
1685,b1718,high
1686,b1719,high
1687,b1722,low
1688,b1723,high
1689,b1724,low
1690,b1725,low
1691,b1726,low
1692,b1727,high
1693,b1728,low
1694,b1729,high
1695,b1730,low
1696,b1731,high
1697,b1732,high
1698,b1733,high
1699,b1734,high
1700,b1735,high
1701,b1736,high
1702,b1737,high
1703,b1738,high
1704,b1739,low
1705,b1740,high
1706,b1741,high
1707,b1742,low
1708,b1743,high
1709,b1744,high
1710,b1745,high
1711,b1746,high
1712,b1747,high
1713,b1748,high
1714,b1749,high
1715,b1750,low
1716,b1751,low
1717,b1752,low
1718,b1753,low
1719,b1754,low
1720,b1755,low
1721,b1756,low
1722,b1757,high
1723,b1758,low
1724,b1759,high
1725,b1760,low
1726,b1761,high
1727,b1762,low
1728,b1763,high
1729,b1764,high
1730,b1765,low
1731,b1766,high
1732,b1767,high
1733,b1768,high
1734,b1769,low
1735,b1770,low
1736,b1771,high
1737,b1772,low
1738,b1773,low
1739,b1774,low
1740,b1775,low
1741,b1776,low
1742,b1777,low
1743,b1778,high
1744,b1779,high
1745,b1780,low
1746,b1781,high
1747,b1782,high
1748,b1783,high
1749,b1784,low
1750,b1785,low
1751,b1786,low
1752,b1787,high
1753,b1788,low
1754,b1789,low
1755,b1790,high
1756,b1791,high
1757,b1792,low
1758,b1793,low
1759,b1794,high
1760,b1795,low
1761,b1796,low
1762,b1797,low
1763,b1798,high
1764,b1799,high
1765,b1800,high
1766,b1801,low
1767,b1802,high
1768,b1803,high
1769,b1804,high
1770,b1805,high
1771,b1806,low
1772,b1807,high
1773,b1808,low
1774,b1809,low
1775,b1810,low
1776,b1811,low
1777,b1812,high
1778,b1813,high
1779,b1814,high
1780,b1815,low
1781,b1816,low
1782,b1817,high
1783,b1818,high
1784,b1819,high
1785,b1820,low
1786,b1821,high
1787,b1822,high
1788,b1823,high
1789,b1824,low
1790,b1825,low
1791,b1826,high
1792,b1827,high
1793,b1828,low
1794,b1829,high
1795,b1830,high
1796,b1831,high
1797,b1832,high
1798,b1833,low
1799,b1834,low
1800,b1835,high
1801,b1836,low
1802,b1837,low
1803,b1838,high
1804,b1839,low
1805,b1840,low
1806,b1841,low
1807,b1842,high
1808,b1843,low
1809,b1844,high
1810,b1845,high
1811,b1846,low
1812,b1847,low
1813,b1848,low
1814,b1849,high
1815,b1850,high
1816,b1851,high
1817,b1852,high
1818,b1853,high
1819,b1854,high
1820,b1855,high
1821,b1856,high
1822,b1857,high
1823,b1858,high
1824,b1859,high
1825,b1860,high
1826,b1861,high
1827,b1862,low
1828,b1863,high
1829,b1864,low
1830,b1865,high
1831,b1866,high
1832,b1867,low
1833,b1868,low
1834,b1869,low
1835,b1870,high
1836,b1871,high
1837,b1872,high
1838,b1873,high
1839,b1874,low
1840,b1875,low
1841,b1876,high
1842,b1877,low
1843,b1878,low
1844,b1879,high
1845,b1880,high
1846,b1881,high
1847,b1882,high
1848,b1883,high
1849,b1884,high
1850,b1885,high
1851,b1886,high
1852,b1887,high
1853,b1888,high
1854,b1889,high
1855,b1890,high
1856,b1891,high
1857,b1892,high
1858,b1893,high
1859,b1894,high
1860,b1895,high
1861,b1896,high
1862,b1897,high
1863,b1900,high
1864,b1901,high
1865,b1902,low
1866,b1903,excluded
1867,b1904,low
1868,b1905,high
1869,b1906,low
1870,b1907,high
1871,b1908,low
1872,b1909,high
1873,b1910,high
1874,b1911,high
1875,b1912,high
1876,b1913,high
1877,b1914,high
1878,b1915,low
1879,b1916,high
1880,b1917,high
1881,b1918,high
1882,b1919,high
1883,b1920,high
1884,b1921,high
1885,b1922,high
1886,b1923,high
1887,b1924,high
1888,b1925,low
1889,b1926,low
1890,b1927,high
1891,b1928,low
1892,b1929,low
1893,b1930,low
1894,b1931,low
1895,b1932,low
1896,b1935,low
1897,b1936,excluded
1898,b1937,high
1899,b1938,high
1900,b1939,high
1901,b1940,high
1902,b1941,high
1903,b1942,high
1904,b1943,low
1905,b1944,high
1906,b1945,high
1907,b1946,high
1908,b1947,high
1909,b1948,high
1910,b1949,high
1911,b1950,high
1912,b1951,high
1913,b1952,low
1914,b1953,low
1915,b1954,high
1916,b1955,low
1917,b1956,low
1918,b1957,low
1919,b1958,low
1920,b1959,low
1921,b1960,high
1922,b1961,high
1923,b1962,low
1924,b1963,low
1925,b1967,high
1926,b1968,high
1927,b1969,high
1928,b1970,high
1929,b1971,high
1930,b1972,high
1931,b1973,high
1932,b1974,low
1933,b1975,high
1934,b1976,high
1935,b1977,high
1936,b1978,low
1937,b1981,high
1938,b1982,high
1939,b1983,low
1940,b1984,high
1941,b1985,high
1942,b1986,high
1943,b1987,high
1944,b1988,high
1945,b1989,high
1946,b1990,high
1947,b1991,high
1948,b1992,high
1949,b1993,high
1950,b1994,high
1951,b1996,high
1952,b1997,high
1953,b1999,excluded
1954,b2000,high
1955,b2001,low
1956,b2002,low
1957,b2003,low
1958,b2004,high
1959,b2005,high
1960,b2006,excluded
1961,b2007,low
1962,b2008,low
1963,b2009,high
1964,b2010,high
1965,b2011,high
1966,b2012,low
1967,b2013,low
1968,b2014,high
1969,b2015,low
1970,b2016,low
1971,b2017,high
1972,b2018,low
1973,b2019,high
1974,b2020,high
1975,b2021,high
1976,b2022,high
1977,b2023,high
1978,b2024,high
1979,b2025,high
1980,b2026,high
1981,b2027,high
1982,b2028,high
1983,b2029,high
1984,b2030,high
1985,b2032,low
1986,b2033,low
1987,b2034,high
1988,b2035,high
1989,b2036,high
1990,b2037,high
1991,b2038,high
1992,b2039,high
1993,b2040,high
1994,b2041,high
1995,b2042,low
1996,b2043,low
1997,b2044,low
1998,b2045,low
1999,b2046,low
2000,b2047,high
2001,b2048,high
2002,b2049,high
2003,b2050,low
2004,b2051,high
2005,b2052,high
2006,b2053,high
2007,b2054,low
2008,b2055,low
2009,b2056,low
2010,b2057,low
2011,b2058,low
2012,b2059,low
2013,b2060,high
2014,b2061,high
2015,b2062,high
2016,b2063,low
2017,b2064,low
2018,b2065,high
2019,b2066,high
2020,b2067,low
2021,b2068,high
2022,b2069,low
2023,b2070,low
2024,b2071,low
2025,b2072,high
2026,b2073,low
2027,b2074,high
2028,b2075,high
2029,b2076,high
2030,b2077,low
2031,b2078,high
2032,b2079,high
2033,b2080,low
2034,b2081,low
2035,b2082,low
2036,b2083,excluded
2037,b2084,excluded
2038,b2085,low
2039,b2086,high
2040,b2088,high
2041,b2089,high
2042,b2091,high
2043,b2092,excluded
2044,b2093,high
2045,b2094,high
2046,b2095,high
2047,b2096,high
2048,b2097,high
2049,b2098,low
2050,b2099,low
2051,b2100,low
2052,b2101,low
2053,b2102,low
2054,b2103,high
2055,b2104,high
2056,b2105,high
2057,b2106,high
2058,b2107,high
2059,b2108,low
2060,b2109,low
2061,b2110,low
2062,b2111,low
2063,b2112,low
2064,b2113,low
2065,b2114,high
2066,b2115,low
2067,b2118,low
2068,b2119,low
2069,b2120,low
2070,b2121,low
2071,b2122,excluded
2072,b2123,low
2073,b2124,low
2074,b2125,high
2075,b2126,high
2076,b2127,high
2077,b2128,high
2078,b2129,high
2079,b2130,high
2080,b2131,high
2081,b2132,high
2082,b2133,high
2083,b2134,high
2084,b2135,low
2085,b2136,low
2086,b2137,low
2087,b2139,excluded
2088,b2140,high
2089,b2141,low
2090,b2142,low
2091,b2143,high
2092,b2144,low
2093,b2145,low
2094,b2146,high
2095,b2147,high
2096,b2148,high
2097,b2149,high
2098,b2150,high
2099,b2151,high
2100,b2152,low
2101,b2153,high
2102,b2154,high
2103,b2155,high
2104,b2156,high
2105,b2157,high
2106,b2158,low
2107,b2159,high
2108,b2160,low
2109,b2161,low
2110,b2162,high
2111,b2163,low
2112,b2164,low
2113,b2165,high
2114,b2166,low
2115,b2167,high
2116,b2168,high
2117,b2169,high
2118,b2170,high
2119,b2171,low
2120,b2172,low
2121,b2173,high
2122,b2174,high
2123,b2175,high
2124,b2176,low
2125,b2177,low
2126,b2178,low
2127,b2179,low
2128,b2180,low
2129,b2181,low
2130,b2182,high
2131,b2183,high
2132,b2184,low
2133,b2185,high
2134,b2186,low
2135,b2187,low
2136,b2188,low
2137,b2189,high
2138,b2190,excluded
2139,b2191,excluded
2140,b2192,high
2141,b2193,high
2142,b2194,high
2143,b2195,high
2144,b2196,high
2145,b2197,high
2146,b2198,high
2147,b2199,high
2148,b2200,high
2149,b2201,high
2150,b2202,high
2151,b2203,high
2152,b2204,high
2153,b2205,high
2154,b2206,high
2155,b2207,high
2156,b2208,low
2157,b2209,high
2158,b2210,high
2159,b2211,high
2160,b2212,high
2161,b2213,high
2162,b2214,high
2163,b2215,high
2164,b2216,high
2165,b2217,high
2166,b2218,high
2167,b2219,high
2168,b2220,high
2169,b2221,low
2170,b2222,high
2171,b2223,low
2172,b2224,high
2173,b2225,low
2174,b2226,low
2175,b2229,low
2176,b2230,low
2177,b2231,high
2178,b2232,high
2179,b2233,low
2180,b2234,high
2181,b2235,high
2182,b2236,high
2183,b2237,low
2184,b2238,excluded
2185,b2239,high
2186,b2240,high
2187,b2241,high
2188,b2242,high
2189,b2243,high
2190,b2244,low
2191,b2245,high
2192,b2246,low
2193,b2247,high
2194,b2248,low
2195,b2249,low
2196,b2250,low
2197,b2251,high
2198,b2252,low
2199,b2253,high
2200,b2254,high
2201,b2255,high
2202,b2256,low
2203,b2257,high
2204,b2258,high
2205,b2259,low
2206,b2260,high
2207,b2261,high
2208,b2262,high
2209,b2263,high
2210,b2264,high
2211,b2265,high
2212,b2266,low
2213,b2267,low
2214,b2268,high
2215,b2269,high
2216,b2270,low
2217,b2271,low
2218,b2272,low
2219,b2273,low
2220,b2274,low
2221,b2275,low
2222,b2276,high
2223,b2277,high
2224,b2278,high
2225,b2279,high
2226,b2280,high
2227,b2281,high
2228,b2282,high
2229,b2283,high
2230,b2284,high
2231,b2285,high
2232,b2286,high
2233,b2287,high
2234,b2288,high
2235,b2289,high
2236,b2290,high
2237,b2291,high
2238,b2292,low
2239,b2293,high
2240,b2294,low
2241,b2295,low
2242,b2296,high
2243,b2297,high
2244,b2298,low
2245,b2299,low
2246,b2300,high
2247,b2301,high
2248,b2302,high
2249,b2303,high
2250,b2304,low
2251,b2305,low
2252,b2306,high
2253,b2307,high
2254,b2308,high
2255,b2309,high
2256,b2310,high
2257,b2311,high
2258,b2312,high
2259,b2313,low
2260,b2314,high
2261,b2315,high
2262,b2316,high
2263,b2317,low
2264,b2318,high
2265,b2319,low
2266,b2320,high
2267,b2321,low
2268,b2322,low
2269,b2323,high
2270,b2324,high
2271,b2325,low
2272,b2326,high
2273,b2327,low
2274,b2328,high
2275,b2329,high
2276,b2330,high
2277,b2331,low
2278,b2332,low
2279,b2333,low
2280,b2334,low
2281,b2335,low
2282,b2336,low
2283,b2339,low
2284,b2340,high
2285,b2341,high
2286,b2342,high
2287,b2343,low
2288,b2344,high
2289,b2345,low
2290,b2346,high
2291,b2347,low
2292,b2348,high
2293,b2349,low
2294,b2350,high
2295,b2351,high
2296,b2352,high
2297,b2353,excluded
2298,b2354,low
2299,b2355,excluded
2300,b2356,excluded
2301,b2357,low
2302,b2358,excluded
2303,b2359,low
2304,b2360,low
2305,b2361,high
2306,b2362,low
2307,b2363,low
2308,b2364,high
2309,b2365,high
2310,b2366,high
2311,b2367,low
2312,b2368,low
2313,b2369,high
2314,b2370,high
2315,b2371,high
2316,b2372,low
2317,b2373,high
2318,b2374,high
2319,b2375,low
2320,b2376,low
2321,b2377,low
2322,b2378,high
2323,b2379,high
2324,b2380,high
2325,b2381,high
2326,b2382,low
2327,b2383,low
2328,b2384,high
2329,b2385,high
2330,b2386,low
2331,b2387,low
2332,b2388,high
2333,b2389,low
2334,b2390,low
2335,b2392,high
2336,b2393,high
2337,b2394,high
2338,b2395,low
2339,b2396,high
2340,b2397,high
2341,b2398,low
2342,b2399,low
2343,b2400,high
2344,b2401,high
2345,b2402,high
2346,b2403,high
2347,b2404,high
2348,b2405,high
2349,b2406,high
2350,b2407,high
2351,b2408,low
2352,b2409,low
2353,b2410,low
2354,b2411,high
2355,b2412,high
2356,b2413,high
2357,b2414,high
2358,b2415,high
2359,b2416,high
2360,b2417,high
2361,b2418,high
2362,b2419,low
2363,b2420,low
2364,b2421,high
2365,b2422,high
2366,b2423,high
2367,b2424,high
2368,b2425,high
2369,b2426,low
2370,b2427,high
2371,b2428,high
2372,b2429,high
2373,b2430,high
2374,b2431,high
2375,b2432,low
2376,b2433,low
2377,b2434,low
2378,b2435,high
2379,b2436,high
2380,b2437,low
2381,b2438,low
2382,b2439,low
2383,b2440,high
2384,b2441,high
2385,b2442,low
2386,b2443,low
2387,b2444,low
2388,b2445,low
2389,b2446,low
2390,b2447,low
2391,b2448,low
2392,b2449,low
2393,b2450,low
2394,b2451,high
2395,b2452,low
2396,b2453,low
2397,b2454,low
2398,b2455,low
2399,b2456,low
2400,b2457,low
2401,b2458,high
2402,b2459,low
2403,b2460,low
2404,b2461,low
2405,b2462,low
2406,b2463,high
2407,b2464,high
2408,b2465,high
2409,b2466,low
2410,b2467,high
2411,b2468,low
2412,b2469,high
2413,b2470,high
2414,b2471,low
2415,b2472,high
2416,b2473,high
2417,b2474,high
2418,b2475,low
2419,b2476,high
2420,b2477,high
2421,b2478,high
2422,b2479,high
2423,b2480,high
2424,b2481,high
2425,b2482,high
2426,b2483,high
2427,b2484,high
2428,b2485,high
2429,b2486,high
2430,b2487,high
2431,b2488,high
2432,b2489,high
2433,b2490,low
2434,b2491,high
2435,b2492,low
2436,b2493,low
2437,b2494,high
2438,b2495,low
2439,b2496,high
2440,b2497,high
2441,b2498,high
2442,b2499,high
2443,b2500,high
2444,b2501,high
2445,b2502,high
2446,b2503,high
2447,b2504,low
2448,b2505,low
2449,b2506,low
2450,b2507,high
2451,b2508,high
2452,b2509,high
2453,b2510,low
2454,b2511,high
2455,b2512,high
2456,b2513,high
2457,b2514,high
2458,b2515,high
2459,b2516,high
2460,b2517,high
2461,b2518,high
2462,b2519,high
2463,b2520,high
2464,b2521,high
2465,b2522,low
2466,b2523,high
2467,b2524,high
2468,b2525,high
2469,b2526,high
2470,b2527,high
2471,b2528,high
2472,b2529,high
2473,b2530,high
2474,b2531,high
2475,b2532,high
2476,b2533,high
2477,b2534,low
2478,b2535,low
2479,b2536,low
2480,b2537,high
2481,b2538,high
2482,b2539,high
2483,b2540,high
2484,b2541,high
2485,b2542,high
2486,b2543,low
2487,b2544,low
2488,b2545,low
2489,b2546,low
2490,b2547,low
2491,b2548,low
2492,b2549,low
2493,b2550,low
2494,b2551,high
2495,b2552,high
2496,b2553,high
2497,b2554,high
2498,b2555,high
2499,b2556,high
2500,b2557,high
2501,b2558,high
2502,b2559,high
2503,b2560,high
2504,b2561,low
2505,b2562,low
2506,b2563,high
2507,b2564,high
2508,b2565,high
2509,b2566,high
2510,b2567,high
2511,b2568,high
2512,b2569,high
2513,b2570,low
2514,b2571,high
2515,b2572,high
2516,b2573,high
2517,b2574,high
2518,b2575,high
2519,b2576,high
2520,b2577,low
2521,b2578,high
2522,b2579,high
2523,b2580,high
2524,b2581,low
2525,b2582,high
2526,b2583,low
2527,b2584,high
2528,b2585,high
2529,b2586,low
2530,b2587,high
2531,b2588,high
2532,b2589,high
2533,b2590,high
2534,b2591,high
2535,b2592,high
2536,b2593,high
2537,b2594,high
2538,b2595,high
2539,b2596,excluded
2540,b2597,high
2541,b2598,high
2542,b2599,high
2543,b2600,high
2544,b2601,high
2545,b2602,low
2546,b2603,low
2547,b2604,high
2548,b2605,low
2549,b2606,high
2550,b2607,high
2551,b2608,high
2552,b2609,high
2553,b2610,high
2554,b2611,low
2555,b2614,high
2556,b2615,high
2557,b2616,high
2558,b2617,high
2559,b2618,low
2560,b2619,high
2561,b2620,high
2562,b2621,high
2563,b2622,high
2564,b2623,low
2565,b2624,low
2566,b2625,low
2567,b2626,low
2568,b2627,low
2569,b2628,low
2570,b2629,low
2571,b2630,high
2572,b2631,high
2573,b2632,low
2574,b2633,low
2575,b2634,low
2576,b2635,low
2577,b2636,low
2578,b2637,low
2579,b2638,excluded
2580,b2641,excluded
2581,b2642,low
2582,b2643,low
2583,b2644,low
2584,b2645,low
2585,b2646,low
2586,b2647,low
2587,b2648,excluded
2588,b2649,low
2589,b2650,excluded
2590,b2651,excluded
2591,b2652,high
2592,b2653,excluded
2593,b2659,high
2594,b2660,high
2595,b2661,high
2596,b2662,high
2597,b2663,high
2598,b2664,high
2599,b2665,high
2600,b2666,low
2601,b2667,low
2602,b2668,high
2603,b2669,high
2604,b2670,high
2605,b2671,low
2606,b2672,low
2607,b2673,high
2608,b2674,high
2609,b2675,high
2610,b2676,high
2611,b2677,high
2612,b2678,high
2613,b2679,high
2614,b2681,excluded
2615,b2682,high
2616,b2683,high
2617,b2684,high
2618,b2685,high
2619,b2686,high
2620,b2687,high
2621,b2688,high
2622,b2689,low
2623,b2690,high
2624,b2691,high
2625,b2692,high
2626,b2693,high
2627,b2694,high
2628,b2695,high
2629,b2696,high
2630,b2697,high
2631,b2698,high
2632,b2699,high
2633,b2700,high
2634,b2701,high
2635,b2702,high
2636,b2703,high
2637,b2704,high
2638,b2705,high
2639,b2706,high
2640,b2707,high
2641,b2708,high
2642,b2709,high
2643,b2710,high
2644,b2711,high
2645,b2712,high
2646,b2713,low
2647,b2714,high
2648,b2715,excluded
2649,b2716,high
2650,b2717,high
2651,b2718,high
2652,b2719,high
2653,b2720,high
2654,b2721,high
2655,b2722,high
2656,b2723,high
2657,b2724,high
2658,b2725,low
2659,b2726,high
2660,b2727,high
2661,b2728,high
2662,b2729,high
2663,b2730,high
2664,b2731,high
2665,b2732,low
2666,b2733,high
2667,b2734,high
2668,b2735,low
2669,b2736,low
2670,b2737,low
2671,b2738,low
2672,b2739,low
2673,b2740,low
2674,b2741,high
2675,b2742,high
2676,b2743,high
2677,b2744,high
2678,b2745,high
2679,b2746,high
2680,b2747,high
2681,b2748,high
2682,b2749,low
2683,b2750,high
2684,b2751,high
2685,b2752,high
2686,b2753,high
2687,b2754,high
2688,b2755,high
2689,b2756,high
2690,b2757,high
2691,b2758,high
2692,b2759,high
2693,b2760,high
2694,b2761,high
2695,b2762,high
2696,b2763,high
2697,b2764,high
2698,b2765,high
2699,b2766,low
2700,b2767,low
2701,b2768,low
2702,b2769,low
2703,b2770,low
2704,b2771,low
2705,b2774,low
2706,b2775,low
2707,b2776,low
2708,b2777,low
2709,b2778,low
2710,b2779,high
2711,b2780,high
2712,b2781,high
2713,b2782,high
2714,b2783,high
2715,b2784,high
2716,b2785,high
2717,b2786,high
2718,b2787,high
2719,b2788,low
2720,b2789,low
2721,b2790,low
2722,b2791,high
2723,b2792,low
2724,b2793,high
2725,b2794,high
2726,b2795,high
2727,b2796,high
2728,b2797,high
2729,b2798,high
2730,b2799,high
2731,b2800,high
2732,b2801,high
2733,b2802,high
2734,b2803,high
2735,b2804,high
2736,b2805,high
2737,b2806,high
2738,b2807,low
2739,b2808,high
2740,b2809,low
2741,b2810,high
2742,b2811,high
2743,b2812,high
2744,b2813,high
2745,b2814,high
2746,b2815,high
2747,b2816,high
2748,b2817,high
2749,b2818,high
2750,b2819,high
2751,b2820,high
2752,b2821,high
2753,b2822,high
2754,b2823,low
2755,b2824,low
2756,b2825,low
2757,b2826,low
2758,b2827,high
2759,b2828,high
2760,b2829,high
2761,b2830,high
2762,b2831,high
2763,b2832,low
2764,b2833,low
2765,b2834,low
2766,b2835,high
2767,b2836,high
2768,b2837,high
2769,b2838,high
2770,b2839,high
2771,b2840,high
2772,b2841,high
2773,b2842,high
2774,b2843,high
2775,b2844,high
2776,b2845,low
2777,b2846,low
2778,b2847,low
2779,b2848,low
2780,b2849,low
2781,b2850,excluded
2782,b2851,low
2783,b2852,low
2784,b2853,low
2785,b2854,excluded
2786,b2855,excluded
2787,b2856,excluded
2788,b2858,excluded
2789,b2859,excluded
2790,b2860,high
2791,b2861,high
2792,b2862,excluded
2793,b2863,excluded
2794,b2864,high
2795,b2865,low
2796,b2866,low
2797,b2867,low
2798,b2868,low
2799,b2869,low
2800,b2870,low
2801,b2871,high
2802,b2872,low
2803,b2873,high
2804,b2874,low
2805,b2875,low
2806,b2876,low
2807,b2877,high
2808,b2878,low
2809,b2879,low
2810,b2880,low
2811,b2881,low
2812,b2882,high
2813,b2883,high
2814,b2886,low
2815,b2887,low
2816,b2888,high
2817,b2889,high
2818,b2890,high
2819,b2891,high
2820,b2892,high
2821,b2893,high
2822,b2894,high
2823,b2895,low
2824,b2896,high
2825,b2897,high
2826,b2898,low
2827,b2899,low
2828,b2900,low
2829,b2901,high
2830,b2902,low
2831,b2903,high
2832,b2904,high
2833,b2905,high
2834,b2906,high
2835,b2907,high
2836,b2908,high
2837,b2909,low
2838,b2910,high
2839,b2911,high
2840,b2912,high
2841,b2913,high
2842,b2914,high
2843,b2915,excluded
2844,b2916,high
2845,b2917,high
2846,b2918,high
2847,b2919,high
2848,b2920,high
2849,b2921,low
2850,b2922,low
2851,b2923,high
2852,b2924,high
2853,b2925,high
2854,b2926,high
2855,b2927,high
2856,b2928,low
2857,b2929,high
2858,b2930,high
2859,b2933,high
2860,b2934,low
2861,b2935,high
2862,b2936,high
2863,b2937,high
2864,b2938,high
2865,b2939,low
2866,b2940,low
2867,b2941,low
2868,b2942,high
2869,b2943,high
2870,b2944,low
2871,b2945,high
2872,b2946,high
2873,b2947,high
2874,b2948,low
2875,b2949,high
2876,b2950,low
2877,b2951,high
2878,b2952,low
2879,b2953,low
2880,b2954,high
2881,b2955,low
2882,b2956,low
2883,b2957,high
2884,b2958,low
2885,b2959,low
2886,b2960,high
2887,b2961,high
2888,b2962,low
2889,b2963,high
2890,b2964,high
2891,b2965,high
2892,b2966,low
2893,b2967,high
2894,b2968,low
2895,b2969,excluded
2896,b2970,excluded
2897,b2971,low
2898,b2972,low
2899,b2975,high
2900,b2976,high
2901,b2977,low
2902,b2979,low
2903,b2980,high
2904,b2981,excluded
2905,b2982,high
2906,b2983,low
2907,b2984,low
2908,b2985,low
2909,b2986,low
2910,b2987,high
2911,b2988,high
2912,b2989,high
2913,b2990,high
2914,b2991,high
2915,b2992,low
2916,b2993,low
2917,b2994,high
2918,b2995,high
2919,b2996,high
2920,b2997,high
2921,b2998,low
2922,b3001,high
2923,b3002,low
2924,b3003,high
2925,b3004,excluded
2926,b3005,high
2927,b3006,high
2928,b3007,excluded
2929,b3008,high
2930,b3009,high
2931,b3010,high
2932,b3011,high
2933,b3012,high
2934,b3013,low
2935,b3014,low
2936,b3017,high
2937,b3018,high
2938,b3019,high
2939,b3020,high
2940,b3021,high
2941,b3022,high
2942,b3023,high
2943,b3024,low
2944,b3025,high
2945,b3026,high
2946,b3027,low
2947,b3028,high
2948,b3029,low
2949,b3030,high
2950,b3031,high
2951,b3032,high
2952,b3033,low
2953,b3034,high
2954,b3035,high
2955,b3036,low
2956,b3037,low
2957,b3038,low
2958,b3039,high
2959,b3040,high
2960,b3041,high
2961,b3042,low
2962,b3043,low
2963,b3044,high
2964,b3045,high
2965,b3046,excluded
2966,b3047,low
2967,b3048,low
2968,b3049,low
2969,b3050,low
2970,b3051,low
2971,b3052,high
2972,b3053,high
2973,b3054,high
2974,b3055,low
2975,b3056,high
2976,b3057,high
2977,b3058,high
2978,b3059,low
2979,b3060,high
2980,b3061,high
2981,b3062,high
2982,b3063,high
2983,b3064,high
2984,b3065,high
2985,b3066,high
2986,b3067,high
2987,b3068,high
2988,b3069,high
2989,b3070,high
2990,b3071,high
2991,b3072,high
2992,b3073,high
2993,b3074,low
2994,b3075,high
2995,b3076,excluded
2996,b3077,low
2997,b3078,low
2998,b3079,low
2999,b3080,high
3000,b3081,high
3001,b3082,high
3002,b3083,high
3003,b3084,high
3004,b3085,low
3005,b3086,low
3006,b3087,low
3007,b3088,low
3008,b3089,high
3009,b3090,low
3010,b3091,high
3011,b3092,high
3012,b3093,high
3013,b3094,high
3014,b3095,high
3015,b3096,high
3016,b3097,low
3017,b3098,low
3018,b3099,low
3019,b3100,low
3020,b3101,low
3021,b3102,high
3022,b3103,low
3023,b3104,low
3024,b3105,high
3025,b3106,low
3026,b3107,low
3027,b3110,low
3028,b3113,low
3029,b3114,high
3030,b3115,high
3031,b3116,high
3032,b3117,high
3033,b3118,high
3034,b3119,high
3035,b3120,low
3036,b3121,low
3037,b3123,high
3038,b3124,high
3039,b3125,high
3040,b3126,high
3041,b3127,high
3042,b3128,high
3043,b3129,high
3044,b3130,high
3045,b3131,high
3046,b3132,high
3047,b3133,excluded
3048,b3134,excluded
3049,b3135,excluded
3050,b3136,low
3051,b3137,high
3052,b3138,excluded
3053,b3139,excluded
3054,b3140,high
3055,b3141,low
3056,b3142,low
3057,b3143,low
3058,b3144,low
3059,b3145,low
3060,b3146,high
3061,b3147,high
3062,b3148,low
3063,b3149,high
3064,b3150,low
3065,b3151,low
3066,b3152,low
3067,b3153,high
3068,b3154,low
3069,b3155,high
3070,b3156,low
3071,b3157,low
3072,b3158,low
3073,b3159,low
3074,b3160,low
3075,b3161,high
3076,b3162,high
3077,b3163,high
3078,b3164,high
3079,b3165,high
3080,b3166,high
3081,b3167,high
3082,b3168,high
3083,b3169,high
3084,b3170,high
3085,b3171,high
3086,b3172,high
3087,b3173,low
3088,b3174,high
3089,b3175,high
3090,b3176,high
3091,b3177,high
3092,b3178,high
3093,b3179,high
3094,b3180,high
3095,b3181,high
3096,b3182,high
3097,b3183,high
3098,b3184,low
3099,b3185,high
3100,b3186,high
3101,b3187,high
3102,b3188,low
3103,b3189,high
3104,b3190,high
3105,b3191,high
3106,b3192,high
3107,b3193,high
3108,b3194,high
3109,b3195,high
3110,b3196,low
3111,b3197,high
3112,b3198,high
3113,b3199,high
3114,b3200,high
3115,b3201,high
3116,b3202,high
3117,b3203,high
3118,b3204,high
3119,b3205,high
3120,b3206,high
3121,b3207,low
3122,b3208,high
3123,b3209,high
3124,b3210,high
3125,b3211,low
3126,b3212,high
3127,b3213,high
3128,b3214,low
3129,b3215,low
3130,b3216,low
3131,b3218,high
3132,b3219,low
3133,b3220,low
3134,b3221,low
3135,b3222,high
3136,b3223,low
3137,b3224,high
3138,b3225,high
3139,b3226,high
3140,b3227,low
3141,b3228,high
3142,b3229,high
3143,b3230,high
3144,b3231,high
3145,b3232,high
3146,b3233,low
3147,b3234,high
3148,b3235,high
3149,b3236,high
3150,b3237,high
3151,b3238,low
3152,b3239,low
3153,b3240,high
3154,b3241,high
3155,b3242,low
3156,b3243,high
3157,b3244,low
3158,b3247,high
3159,b3248,high
3160,b3249,low
3161,b3250,high
3162,b3251,high
3163,b3252,high
3164,b3253,high
3165,b3254,excluded
3166,b3255,high
3167,b3256,high
3168,b3257,low
3169,b3258,high
3170,b3259,high
3171,b3260,high
3172,b3261,high
3173,b3262,high
3174,b3263,low
3175,b3264,high
3176,b3265,high
3177,b3266,high
3178,b3267,low
3179,b3268,excluded
3180,b3269,low
3181,b3270,low
3182,b3271,low
3183,b3272,high
3184,b3273,high
3185,b3274,high
3186,b3275,high
3187,b3276,high
3188,b3277,high
3189,b3278,high
3190,b3279,low
3191,b3280,low
3192,b3281,high
3193,b3282,high
3194,b3283,low
3195,b3284,low
3196,b3287,high
3197,b3288,high
3198,b3289,high
3199,b3290,high
3200,b3291,high
3201,b3292,high
3202,b3293,low
3203,b3294,high
3204,b3295,high
3205,b3296,high
3206,b3297,high
3207,b3298,high
3208,b3299,high
3209,b3300,high
3210,b3301,high
3211,b3302,high
3212,b3303,high
3213,b3304,high
3214,b3305,high
3215,b3306,high
3216,b3307,high
3217,b3308,high
3218,b3309,high
3219,b3310,high
3220,b3311,high
3221,b3312,high
3222,b3313,high
3223,b3314,high
3224,b3315,high
3225,b3316,high
3226,b3317,high
3227,b3318,high
3228,b3319,high
3229,b3320,high
3230,b3321,high
3231,b3322,low
3232,b3323,low
3233,b3324,low
3234,b3325,low
3235,b3326,low
3236,b3327,low
3237,b3328,low
3238,b3329,low
3239,b3330,low
3240,b3331,low
3241,b3332,low
3242,b3333,low
3243,b3334,low
3244,b3335,high
3245,b3336,high
3246,b3337,low
3247,b3338,high
3248,b3339,high
3249,b3340,high
3250,b3341,high
3251,b3342,high
3252,b3343,high
3253,b3344,high
3254,b3345,high
3255,b3346,low
3256,b3347,high
3257,b3348,low
3258,b3349,high
3259,b3350,high
3260,b3351,low
3261,b3352,low
3262,b3353,low
3263,b3354,low
3264,b3355,low
3265,b3356,low
3266,b3357,high
3267,b3358,low
3268,b3359,high
3269,b3360,high
3270,b3361,low
3271,b3362,low
3272,b3363,high
3273,b3364,low
3274,b3365,high
3275,b3366,high
3276,b3367,high
3277,b3368,high
3278,b3369,low
3279,b3370,low
3280,b3371,high
3281,b3374,high
3282,b3375,low
3283,b3376,low
3284,b3377,low
3285,b3378,low
3286,b3379,low
3287,b3380,low
3288,b3381,low
3289,b3382,low
3290,b3383,low
3291,b3384,high
3292,b3385,high
3293,b3386,high
3294,b3387,high
3295,b3388,high
3296,b3389,high
3297,b3390,high
3298,b3391,low
3299,b3392,low
3300,b3393,low
3301,b3394,low
3302,b3395,low
3303,b3396,high
3304,b3397,high
3305,b3398,low
3306,b3399,high
3307,b3400,high
3308,b3401,high
3309,b3402,low
3310,b3403,high
3311,b3404,high
3312,b3405,high
3313,b3406,high
3314,b3407,low
3315,b3408,high
3316,b3409,high
3317,b3410,low
3318,b3411,high
3319,b3412,high
3320,b3413,low
3321,b3414,high
3322,b3415,high
3323,b3416,high
3324,b3417,high
3325,b3418,high
3326,b3421,high
3327,b3422,high
3328,b3423,high
3329,b3424,high
3330,b3425,high
3331,b3426,high
3332,b3427,excluded
3333,b3428,high
3334,b3429,high
3335,b3430,high
3336,b3431,high
3337,b3432,high
3338,b3433,high
3339,b3434,low
3340,b3437,high
3341,b3438,high
3342,b3439,high
3343,b3440,low
3344,b3441,high
3345,b3442,low
3346,b3443,excluded
3347,b3444,high
3348,b3445,high
3349,b3446,low
3350,b3447,high
3351,b3448,low
3352,b3449,high
3353,b3450,high
3354,b3451,high
3355,b3452,high
3356,b3453,high
3357,b3454,high
3358,b3455,high
3359,b3456,high
3360,b3457,high
3361,b3458,high
3362,b3459,high
3363,b3460,high
3364,b3461,high
3365,b3462,high
3366,b3463,high
3367,b3464,high
3368,b3465,high
3369,b3466,low
3370,b3467,low
3371,b3468,low
3372,b3469,high
3373,b3470,high
3374,b3471,high
3375,b3472,low
3376,b3473,low
3377,b3474,low
3378,b3475,high
3379,b3476,high
3380,b3477,high
3381,b3478,high
3382,b3479,high
3383,b3480,high
3384,b3481,high
3385,b3482,low
3386,b3483,low
3387,b3484,low
3388,b3485,low
3389,b3486,high
3390,b3487,low
3391,b3488,low
3392,b3490,low
3393,b3491,low
3394,b3492,low
3395,b3493,high
3396,b3494,low
3397,b3495,high
3398,b3496,high
3399,b3497,high
3400,b3498,high
3401,b3499,high
3402,b3500,high
3403,b3501,high
3404,b3502,high
3405,b3503,high
3406,b3504,excluded
3407,b3505,high
3408,b3506,high
3409,b3507,low
3410,b3508,low
3411,b3509,high
3412,b3510,high
3413,b3511,low
3414,b3512,high
3415,b3513,high
3416,b3514,high
3417,b3515,high
3418,b3516,high
3419,b3517,high
3420,b3518,high
3421,b3519,high
3422,b3520,low
3423,b3521,low
3424,b3522,low
3425,b3523,low
3426,b3524,low
3427,b3525,high
3428,b3526,high
3429,b3527,low
3430,b3528,high
3431,b3529,low
3432,b3530,low
3433,b3531,high
3434,b3532,high
3435,b3533,high
3436,b3534,excluded
3437,b3535,low
3438,b3536,high
3439,b3537,high
3440,b3538,high
3441,b3539,low
3442,b3540,high
3443,b3541,high
3444,b3542,high
3445,b3543,high
3446,b3544,high
3447,b3545,high
3448,b3546,high
3449,b3547,low
3450,b3548,low
3451,b3549,high
3452,b3550,low
3453,b3551,high
3454,b3552,low
3455,b3553,high
3456,b3554,low
3457,b3555,low
3458,b3556,high
3459,b3557,high
3460,b3558,high
3461,b3559,high
3462,b3560,high
3463,b3561,high
3464,b3562,low
3465,b3563,low
3466,b3564,high
3467,b3565,high
3468,b3566,high
3469,b3567,high
3470,b3568,high
3471,b3569,high
3472,b3570,low
3473,b3571,high
3474,b3572,high
3475,b3573,low
3476,b3574,high
3477,b3575,high
3478,b3576,low
3479,b3577,high
3480,b3578,high
3481,b3579,high
3482,b3580,high
3483,b3581,high
3484,b3582,low
3485,b3583,high
3486,b3584,low
3487,b3585,low
3488,b3586,low
3489,b3587,low
3490,b3588,high
3491,b3589,high
3492,b3590,high
3493,b3591,high
3494,b3592,low
3495,b3593,low
3496,b3594,low
3497,b3595,excluded
3498,b3596,low
3499,b3597,low
3500,b3598,low
3501,b3599,high
3502,b3600,high
3503,b3601,high
3504,b3602,low
3505,b3603,high
3506,b3604,high
3507,b3605,high
3508,b3606,high
3509,b3607,high
3510,b3608,high
3511,b3609,high
3512,b3610,high
3513,b3611,low
3514,b3612,high
3515,b3613,high
3516,b3614,low
3517,b3615,high
3518,b3616,high
3519,b3617,high
3520,b3618,low
3521,b3619,high
3522,b3620,high
3523,b3621,high
3524,b3622,high
3525,b3623,high
3526,b3624,high
3527,b3625,high
3528,b3626,high
3529,b3627,high
3530,b3628,high
3531,b3629,high
3532,b3630,high
3533,b3631,high
3534,b3632,high
3535,b3633,high
3536,b3634,high
3537,b3635,high
3538,b3636,high
3539,b3637,high
3540,b3638,low
3541,b3639,high
3542,b3640,high
3543,b3641,high
3544,b3642,high
3545,b3643,high
3546,b3644,low
3547,b3645,low
3548,b3646,low
3549,b3647,high
3550,b3648,high
3551,b3649,high
3552,b3650,high
3553,b3651,high
3554,b3652,high
3555,b3653,high
3556,b3654,high
3557,b3655,low
3558,b3656,high
3559,b3657,low
3560,b3658,high
3561,b3659,low
3562,b3660,low
3563,b3661,low
3564,b3662,high
3565,b3663,low
3566,b3664,high
3567,b3665,high
3568,b3666,high
3569,b3667,high
3570,b3668,high
3571,b3669,high
3572,b3670,high
3573,b3671,high
3574,b3672,high
3575,b3673,high
3576,b3674,low
3577,b3675,low
3578,b3676,low
3579,b3677,low
3580,b3678,low
3581,b3679,low
3582,b3680,low
3583,b3681,low
3584,b3682,low
3585,b3683,excluded
3586,b3684,low
3587,b3685,low
3588,b3686,high
3589,b3687,high
3590,b3688,low
3591,b3689,low
3592,b3690,low
3593,b3691,low
3594,b3693,high
3595,b3696,low
3596,b3697,high
3597,b3698,low
3598,b3699,high
3599,b3700,high
3600,b3701,high
3601,b3702,high
3602,b3703,high
3603,b3704,high
3604,b3705,high
3605,b3706,high
3606,b3707,low
3607,b3708,high
3608,b3709,high
3609,b3710,high
3610,b3711,low
3611,b3712,low
3612,b3713,high
3613,b3714,high
3614,b3715,high
3615,b3716,low
3616,b3717,low
3617,b3718,low
3618,b3719,low
3619,b3720,high
3620,b3721,high
3621,b3722,high
3622,b3723,high
3623,b3724,high
3624,b3725,high
3625,b3726,high
3626,b3727,high
3627,b3728,high
3628,b3729,high
3629,b3730,high
3630,b3731,high
3631,b3732,high
3632,b3733,high
3633,b3734,high
3634,b3735,high
3635,b3736,high
3636,b3737,high
3637,b3738,high
3638,b3739,low
3639,b3740,high
3640,b3741,high
3641,b3742,high
3642,b3743,high
3643,b3744,high
3644,b3745,high
3645,b3746,high
3646,b3747,high
3647,b3748,high
3648,b3749,high
3649,b3750,high
3650,b3751,high
3651,b3752,high
3652,b3753,high
3653,b3754,low
3654,b3755,low
3655,b3756,high
3656,b3757,high
3657,b3758,high
3658,b3759,high
3659,b3760,high
3660,b3761,high
3661,b3764,low
3662,b3765,low
3663,b3766,high
3664,b3769,high
3665,b3770,high
3666,b3771,high
3667,b3772,high
3668,b3773,high
3669,b3774,high
3670,b3775,high
3671,b3777,excluded
3672,b3778,high
3673,b3779,high
3674,b3780,high
3675,b3781,high
3676,b3782,low
3677,b3783,high
3678,b3784,high
3679,b3785,high
3680,b3786,high
3681,b3787,high
3682,b3788,high
3683,b3789,high
3684,b3790,high
3685,b3791,high
3686,b3792,high
3687,b3793,high
3688,b3794,high
3689,b3795,low
3690,b3796,high
3691,b3797,high
3692,b3798,high
3693,b3799,high
3694,b3800,low
3695,b3801,high
3696,b3802,low
3697,b3803,low
3698,b3804,high
3699,b3805,high
3700,b3806,high
3701,b3807,high
3702,b3808,low
3703,b3809,high
3704,b3810,low
3705,b3811,high
3706,b3812,high
3707,b3813,high
3708,b3816,high
3709,b3817,low
3710,b3818,low
3711,b3819,low
3712,b3820,low
3713,b3821,high
3714,b3822,high
3715,b3823,high
3716,b3824,high
3717,b3825,high
3718,b3826,high
3719,b3827,high
3720,b3828,high
3721,b3829,high
3722,b3830,low
3723,b3831,high
3724,b3832,low
3725,b3833,high
3726,b3834,low
3727,b3835,low
3728,b3836,high
3729,b3838,high
3730,b3839,high
3731,b3842,high
3732,b3843,high
3733,b3844,high
3734,b3845,high
3735,b3846,high
3736,b3847,high
3737,b3848,low
3738,b3849,high
3739,b3850,high
3740,b3851,high
3741,b3852,high
3742,b3853,high
3743,b3854,high
3744,b3855,high
3745,b3856,high
3746,b3857,high
3747,b3858,low
3748,b3859,high
3749,b3860,high
3750,b3861,low
3751,b3862,low
3752,b3863,high
3753,b3864,high
3754,b3865,low
3755,b3866,high
3756,b3867,high
3757,b3868,high
3758,b3869,high
3759,b3870,high
3760,b3871,high
3761,b3872,low
3762,b3873,low
3763,b3874,low
3764,b3875,low
3765,b3876,high
3766,b3877,low
3767,b3878,high
3768,b3879,low
3769,b3880,high
3770,b3881,high
3771,b3882,high
3772,b3883,high
3773,b3884,low
3774,b3885,high
3775,b3886,low
3776,b3887,high
3777,b3888,low
3778,b3889,low
3779,b3890,low
3780,b3891,low
3781,b3892,high
3782,b3893,high
3783,b3894,high
3784,b3895,high
3785,b3896,low
3786,b3897,low
3787,b3898,low
3788,b3899,low
3789,b3900,low
3790,b3901,high
3791,b3902,high
3792,b3903,high
3793,b3904,high
3794,b3905,high
3795,b3906,high
3796,b3907,high
3797,b3908,high
3798,b3909,high
3799,b3910,low
3800,b3911,high
3801,b3912,high
3802,b3915,high
3803,b3916,high
3804,b3917,high
3805,b3918,high
3806,b3919,high
3807,b3920,low
3808,b3921,low
3809,b3922,low
3810,b3923,low
3811,b3924,high
3812,b3925,high
3813,b3926,high
3814,b3927,high
3815,b3928,high
3816,b3929,high
3817,b3930,high
3818,b3931,high
3819,b3932,high
3820,b3933,high
3821,b3934,high
3822,b3935,high
3823,b3936,high
3824,b3937,low
3825,b3938,high
3826,b3939,high
3827,b3940,high
3828,b3941,high
3829,b3942,high
3830,b3943,low
3831,b3944,low
3832,b3945,high
3833,b3946,high
3834,b3947,low
3835,b3949,low
3836,b3950,low
3837,b3951,low
3838,b3952,low
3839,b3953,low
3840,b3954,low
3841,b3955,high
3842,b3956,high
3843,b3957,high
3844,b3958,high
3845,b3959,high
3846,b3960,high
3847,b3961,high
3848,b3962,high
3849,b3963,high
3850,b3964,low
3851,b3965,high
3852,b3966,high
3853,b3967,high
3854,b3968,high
3855,b3969,high
3856,b3970,high
3857,b3971,high
3858,b3972,high
3859,b3973,high
3860,b3974,high
3861,b3975,excluded
3862,b3976,high
3863,b3977,high
3864,b3978,high
3865,b3979,high
3866,b3980,high
3867,b3981,high
3868,b3982,high
3869,b3983,high
3870,b3984,high
3871,b3985,high
3872,b3986,high
3873,b3987,high
3874,b3988,high
3875,b3989,low
3876,b3990,high
3877,b3991,high
3878,b3992,high
3879,b3993,high
3880,b3994,high
3881,b3995,high
3882,b3996,high
3883,b3997,high
3884,b3998,high
3885,b3999,low
3886,b4000,high
3887,b4001,low
3888,b4002,high
3889,b4003,high
3890,b4004,high
3891,b4005,high
3892,b4006,high
3893,b4007,high
3894,b4008,high
3895,b4009,high
3896,b4010,high
3897,b4011,low
3898,b4012,low
3899,b4013,high
3900,b4014,high
3901,b4015,high
3902,b4016,high
3903,b4017,low
3904,b4018,high
3905,b4019,high
3906,b4020,low
3907,b4021,high
3908,b4022,high
3909,b4023,low
3910,b4024,high
3911,b4025,high
3912,b4026,low
3913,b4027,low
3914,b4028,low
3915,b4029,low
3916,b4030,low
3917,b4031,high
3918,b4032,high
3919,b4033,high
3920,b4034,high
3921,b4035,high
3922,b4036,high
3923,b4037,low
3924,b4038,excluded
3925,b4039,high
3926,b4040,high
3927,b4041,high
3928,b4042,high
3929,b4043,high
3930,b4044,low
3931,b4045,low
3932,b4046,high
3933,b4047,low
3934,b4048,low
3935,b4049,high
3936,b4050,low
3937,b4051,high
3938,b4052,high
3939,b4053,high
3940,b4054,high
3941,b4055,high
3942,b4056,low
3943,b4057,low
3944,b4058,high
3945,b4059,high
3946,b4060,low
3947,b4061,high
3948,b4062,high
3949,b4063,high
3950,b4064,high
3951,b4065,low
3952,b4066,low
3953,b4067,high
3954,b4068,low
3955,b4069,high
3956,b4070,high
3957,b4071,high
3958,b4072,low
3959,b4073,low
3960,b4074,low
3961,b4075,low
3962,b4076,low
3963,b4077,high
3964,b4078,low
3965,b4079,high
3966,b4080,high
3967,b4081,high
3968,b4082,high
3969,b4083,high
3970,b4084,high
3971,b4085,high
3972,b4086,high
3973,b4087,high
3974,b4088,high
3975,b4089,high
3976,b4090,high
3977,b4092,high
3978,b4093,high
3979,b4094,high
3980,b4095,high
3981,b4096,high
3982,b4097,low
3983,b4098,high
3984,b4099,high
3985,b4100,high
3986,b4101,high
3987,b4102,low
3988,b4103,low
3989,b4104,excluded
3990,b4105,high
3991,b4106,high
3992,b4107,low
3993,b4108,low
3994,b4109,high
3995,b4110,low
3996,b4111,high
3997,b4112,high
3998,b4113,high
3999,b4114,high
4000,b4115,high
4001,b4116,high
4002,b4117,high
4003,b4118,high
4004,b4119,high
4005,b4120,high
4006,b4121,low
4007,b4122,high
4008,b4123,high
4009,b4124,high
4010,b4125,high
4011,b4126,low
4012,b4127,low
4013,b4128,high
4014,b4129,high
4015,b4130,high
4016,b4131,high
4017,b4132,high
4018,b4133,high
4019,b4134,high
4020,b4135,low
4021,b4136,high
4022,b4137,high
4023,b4138,high
4024,b4139,high
4025,b4140,low
4026,b4141,high
4027,b4142,high
4028,b4143,high
4029,b4144,low
4030,b4145,low
4031,b4146,high
4032,b4147,high
4033,b4148,high
4034,b4149,low
4035,b4150,high
4036,b4151,high
4037,b4152,high
4038,b4153,high
4039,b4154,high
4040,b4155,high
4041,b4156,low
4042,b4157,low
4043,b4158,low
4044,b4159,high
4045,b4160,high
4046,b4161,high
4047,b4162,high
4048,b4163,high
4049,b4164,high
4050,b4165,high
4051,b4166,high
4052,b4167,high
4053,b4168,high
4054,b4169,high
4055,b4170,high
4056,b4171,high
4057,b4172,high
4058,b4173,high
4059,b4174,high
4060,b4175,high
4061,b4176,low
4062,b4177,high
4063,b4178,high
4064,b4179,high
4065,b4180,high
4066,b4181,low
4067,b4182,low
4068,b4183,low
4069,b4184,low
4070,b4185,low
4071,b4186,low
4072,b4187,high
4073,b4188,high
4074,b4189,low
4075,b4190,high
4076,b4191,high
4077,b4192,high
4078,b4193,high
4079,b4194,high
4080,b4195,high
4081,b4196,high
4082,b4197,high
4083,b4198,high
4084,b4199,low
4085,b4200,high
4086,b4201,high
4087,b4202,high
4088,b4203,high
4089,b4204,low
4090,b4205,excluded
4091,b4206,low
4092,b4207,high
4093,b4208,high
4094,b4209,high
4095,b4210,low
4096,b4211,high
4097,b4212,low
4098,b4213,high
4099,b4214,high
4100,b4215,low
4101,b4216,low
4102,b4217,low
4103,b4218,low
4104,b4219,high
4105,b4220,high
4106,b4221,high
4107,b4222,low
4108,b4223,low
4109,b4224,high
4110,b4225,high
4111,b4226,high
4112,b4227,high
4113,b4230,low
4114,b4231,low
4115,b4232,high
4116,b4233,high
4117,b4234,low
4118,b4235,low
4119,b4236,excluded
4120,b4237,high
4121,b4238,high
4122,b4239,high
4123,b4240,high
4124,b4241,high
4125,b4242,high
4126,b4243,high
4127,b4244,high
4128,b4245,high
4129,b4246,high
4130,b4247,excluded
4131,b4248,low
4132,b4249,high
4133,b4250,excluded
4134,b4251,low
4135,b4252,low
4136,b4253,low
4137,b4254,high
4138,b4255,high
4139,b4256,low
4140,b4257,low
4141,b4258,high
4142,b4259,high
4143,b4260,high
4144,b4261,high
4145,b4262,high
4146,b4263,low
4147,b4264,high
4148,b4265,high
4149,b4266,high
4150,b4267,high
4151,b4268,high
4152,b4269,high
4153,b4270,high
4154,b4271,excluded
4155,b4272,high
4156,b4273,high
4157,b4274,excluded
4158,b4277,low
4159,b4278,high
4160,b4279,low
4161,b4280,low
4162,b4281,excluded
4163,b4282,excluded
4164,b4283,low
4165,b4284,high
4166,b4285,low
4167,b4286,excluded
4168,b4287,high
4169,b4288,high
4170,b4289,high
4171,b4290,high
4172,b4291,high
4173,b4292,high
4174,b4293,high
4175,b4294,high
4176,b4295,low
4177,b4296,low
4178,b4297,high
4179,b4298,low
4180,b4299,low
4181,b4300,low
4182,b4301,low
4183,b4302,low
4184,b4303,low
4185,b4304,low
4186,b4305,low
4187,b4306,low
4188,b4307,low
4189,b4308,excluded
4190,b4309,high
4191,b4310,high
4192,b4311,high
4193,b4312,high
4194,b4313,high
4195,b4314,high
4196,b4315,low
4197,b4316,high
4198,b4317,high
4199,b4318,high
4200,b4319,high
4201,b4320,high
4202,b4321,high
4203,b4322,high
4204,b4323,high
4205,b4324,high
4206,b4325,low
4207,b4326,high
4208,b4327,high
4209,b4328,high
4210,b4329,low
4211,b4330,low
4212,b4331,high
4213,b4332,low
4214,b4333,low
4215,b4334,low
4216,b4335,low
4217,b4336,low
4218,b4337,high
4219,b4338,low
4220,b4339,excluded
4221,b4340,low
4222,b4341,low
4223,b4342,excluded
4224,b4345,high
4225,b4346,high
4226,b4347,low
4227,b4348,high
4228,b4349,high
4229,b4350,high
4230,b4351,high
4231,b4352,high
4232,b4353,low
4233,b4354,high
4234,b4355,high
4235,b4356,high
4236,b4357,low
4237,b4358,high
4238,b4359,high
4239,b4360,low
4240,b4361,high
4241,b4362,high
4242,b4363,low
4243,b4364,low
4244,b4365,high
4245,b4366,high
4246,b4367,high
4247,b4368,high
4248,b4369,high
4249,b4370,high
4250,b4371,high
4251,b4372,high
4252,b4373,high
4253,b4374,high
4254,b4375,high
4255,b4376,high
4256,b4377,low
4257,b4378,low
4258,b4379,low
4259,b4380,low
4260,b4381,high
4261,b4382,high
4262,b4383,high
4263,b4384,high
4264,b4385,low
4265,b4386,high
4266,b4387,low
4267,b4388,high
4268,b4389,high
4269,b4390,high
4270,b4391,high
4271,b4392,high
4272,b4393,high
4273,b4394,high
4274,b4395,low
4275,b4396,high
4276,b4397,low
4277,b4398,high
4278,b4399,high
4279,b4400,low
4280,b4401,high
4281,b4402,low
4282,b4403,low
4283,b4406,low
4284,b4407,high
4285,b4408,high
4286,b4409,high
4287,b4410,high
4288,b4411,high
4289,b4412,high
4290,b4413,low
4291,b4414,low
4292,b4415,low
4293,b4416,low
4294,b4417,high
4295,b4418,low
4296,b4419,low
4297,b4420,low
4298,b4421,low
4299,b4422,low
4300,b4423,low
4301,b4424,low
4302,b4425,low
4303,b4426,high
4304,b4427,high
4305,b4428,high
4306,b4429,low
4307,b4430,high
4308,b4431,high
4309,b4432,low
4310,b4433,high
4311,b4434,low
4312,b4435,low
4313,b4436,low
4314,b4437,low
4315,b4438,low
4316,b4439,high
4317,b4440,low
4318,b4441,high
4319,b4442,high
4320,b4443,high
4321,b4444,high
4322,b4445,high
4323,b4446,low
4324,b4447,low
4325,b4448,excluded
4326,b4449,low
4327,b4450,high
4328,b4451,high
4329,b4452,high
4330,b4453,high
4331,b4454,high
4332,b4455,low
4333,b4456,high
4334,b4457,high
4335,b4458,high
4336,b4459,low
4337,b4460,high
4338,b4461,low
4339,b4462,excluded
4340,b4463,low
4341,b4464,high
4342,b4465,low
4343,b4466,low
4344,b4467,low
4345,b4468,low
4346,b4469,low
4347,b4470,low
4348,b4471,high
4349,b4472,low
4350,b4473,low
4351,b4474,high
4352,b4475,high
4353,b4476,high
4354,b4477,high
4355,b4478,high
4356,b4479,low
4357,b4480,high
4358,b4481,high
4359,b4482,low
4360,b4483,high
4361,b4484,high
4362,b4485,low
4363,b4486,excluded
4364,b4487,low
4365,b4488,excluded
4366,b4489,high
4367,b4490,excluded
4368,b4491,excluded
4369,b4492,excluded
4370,b4493,excluded
4371,b4494,excluded
4372,b4495,excluded
4373,b4496,excluded
4374,b4497,excluded
4375,b4498,excluded
4376,b4499,excluded
4377,b4500,excluded
4378,b4501,high
4379,b4502,low
4380,b4503,excluded
4381,b4504,low
4382,b4505,high
4383,b4506,low
4384,b4508,excluded
4385,b4509,low
4386,b4510,low
4387,b4511,high
4388,b4512,low
4389,b4513,high
4390,b4514,excluded
4391,b4515,high
4392,b4516,high
4393,b4517,low
4394,b4518,low
4395,b4519,excluded
4396,b4520,low
4397,b4521,excluded
4398,b4522,low
4399,b4523,low
4400,b4524,excluded
4401,b4525,excluded
4402,b4526,low
4403,b4527,low
4404,b4528,low
4405,b4529,low
4406,b4532,high
4407,b4533,low
4408,b4534,low
4409,b4535,low
4410,b4536,low
4411,b4537,low
4412,b4538,excluded
4413,b4539,high
4414,b4541,low
4415,b4542,low
4416,b4543,excluded
4417,b4544,high
4418,b4545,excluded
4419,b4546,low
4420,b4547,low
4421,b4548,low
4422,b4550,high
4423,b4551,low
4424,b4552,excluded
4425,b4553,low
4426,b4554,low
4427,b4555,low
4428,b4556,excluded
4429,b4557,low
4430,b4558,low
4431,b4559,high
4432,b4561,high
4433,b4565,low
4434,b4566,high
4435,b4567,low
4436,b4568,low
4437,b4569,excluded
4438,b4570,excluded
4439,b4571,excluded
4440,b4572,low
4441,b4573,high
4442,b4575,excluded
4443,b4576,high
4444,b4577,high
4445,b4578,excluded
4446,b4579,excluded
4447,b4580,excluded
4448,b4581,excluded
4449,b4582,excluded
4450,b4583,excluded
4451,b4584,excluded
4452,b4585,high
4453,b4586,low
4454,b4587,high
4455,b4588,low
4456,b4589,low
4457,b4590,low
4458,b4591,excluded
4459,b4592,low
4460,b4593,low
4461,b4594,low
4462,b4595,low
4463,b4596,low
4464,b4597,high
4465,b4598,low
4466,b4599,high
4467,b4600,excluded
4468,b4601,low
4469,b4602,low
4470,b4603,high
4471,b4604,low
4472,b4605,low
4473,b4606,low
4474,b4607,excluded
4475,b4608,high
4476,b4609,low
4477,b4610,low
4478,b4611,low
4479,b4612,low
4480,b4613,low
4481,b4614,excluded
4482,b4615,excluded
4483,b4616,high
4484,b4617,excluded
4485,b4618,high
4486,b4620,low
4487,b4621,low
4488,b4622,low
4489,b4623,high
4490,b4624,low
4491,b4625,high
4492,b4626,excluded
4493,b4627,excluded
4494,b4628,excluded
4495,b4629,excluded
4496,b4630,excluded
4497,b4631,excluded
4498,b4632,excluded
4499,b4633,excluded
4500,b4634,excluded
4501,b4635,excluded
4502,b4636,excluded
4503,b4637,high
4504,b4638,excluded
4505,b4639,excluded
4506,b4640,excluded
4507,b4641,excluded
4508,b4642,excluded
4509,b4643,excluded
4510,b4644,excluded
4511,b4645,excluded
4512,b4646,excluded
4513,b4647,excluded
4514,b4648,excluded
4515,b4649,excluded
4516,b4650,excluded
4517,b4651,excluded
4518,b4652,excluded
4519,b4653,excluded
4520,b4654,excluded
4521,b4655,low
4522,b4656,excluded
4523,b4657,excluded
4524,b4658,excluded
4525,b4659,excluded
4526,b4660,excluded
4527,b4661,excluded
4528,b4662,low
4529,b4663,low
4530,b4664,low
4531,b4665,high
4532,b4666,low
4533,b4667,low
4534,b4668,low
4535,b4669,low
4536,b4670,low
4537,b4671,low
4538,b4672,low
4539,b4673,excluded
4540,b4674,low
4541,b4675,low
4542,b4676,low
4543,b4677,low
4544,b4678,low
4545,b4679,low
4546,b4680,low
4547,b4682,low
4548,b4683,low
4549,b4684,low
4550,b4685,low
4551,b4686,low
4552,b4687,low
4553,b4688,excluded
4554,b4689,low
4555,b4690,low
4556,b4691,low
4557,b4692,excluded
4558,b4693,excluded
4559,b4694,excluded
4560,b4695,excluded
4561,b4696,excluded
4562,b4697,excluded
4563,b4698,low
4564,b4699,high
4565,b4700,low
4566,b4701,low
4567,b4702,high
4568,b4703,low
4569,b4704,low
4570,b4705,low
4571,b4706,low
4572,b4707,low
4573,b4708,high
4574,b4709,high
4575,b4710,high
4576,b4711,high
4577,b4712,high
4578,b4713,high
4579,b4714,high
4580,b4715,low
4581,b4716,high
4582,b4717,high
4583,b4718,high
4584,b4719,high
4585,b4720,low
4586,b4721,low
4587,b4722,low
4588,b4723,low
4589,b4724,low
4590,b4725,low
4591,b4726,low
4592,b4727,low
4593,b4728,low
4594,b4729,low
4595,b4730,low
4596,b4731,low
4597,b4732,low
4598,b4733,low
4599,b4734,low
4600,b4735,low
4601,b4736,low
4602,b4737,low
4603,b4738,low
4604,b4739,low
4605,b4740,low
4606,b4741,low
4607,b4742,low
4608,b4743,low
4609,b4744,low
4610,b4745,low
4611,b4746,low
4612,b4747,low
4613,b4748,low
4614,b4749,low
4615,b4750,low
4616,b4751,low
4617,b4752,low
4618,b4753,low
4619,b4754,low
4620,b4755,low
4621,b4756,low
4622,b4757,low
